"YEAR","MONTH","DAY","RRG06","Date"
2000,1,3,0.06,2000-01-03
2000,1,4,0.44,2000-01-04
2000,1,8,0.03,2000-01-08
2000,1,9,1.05,2000-01-09
2000,1,10,1.4,2000-01-10
2000,1,13,0.03,2000-01-13
2000,1,16,0.03,2000-01-16
2000,1,17,0.01,2000-01-17
2000,1,18,0.5,2000-01-18
2000,1,19,0.3,2000-01-19
2000,1,20,0.06,2000-01-20
2000,1,22,0.84,2000-01-22
2000,1,23,0.46,2000-01-23
2000,1,29,0.48,2000-01-29
2000,1,30,0.26,2000-01-30
2000,2,12,0.84,2000-02-12
2000,2,13,1.05,2000-02-13
2000,2,14,0.34,2000-02-14
2000,2,17,0.03,2000-02-17
2000,2,18,0.02,2000-02-18
2000,2,19,0.29,2000-02-19
2000,2,27,0.49,2000-02-27
2000,3,3,0.03,2000-03-03
2000,3,4,0.11,2000-03-04
2000,3,11,1.84,2000-03-11
2000,3,16,1.08,2000-03-16
2000,3,17,0.03,2000-03-17
2000,3,19,0.55,2000-03-19
2000,3,20,1.33,2000-03-20
2000,3,27,0.28,2000-03-27
2000,3,29,0.02,2000-03-29
2000,3,30,0.03,2000-03-30
2000,4,2,1.62,2000-04-02
2000,4,3,3,2000-04-03
2000,4,4,0.13,2000-04-04
2000,4,8,0.06,2000-04-08
2000,4,13,0.31,2000-04-13
2000,4,14,0.07,2000-04-14
2000,4,15,0.12,2000-04-15
2000,4,21,0.11,2000-04-21
2000,4,24,0.61,2000-04-24
2000,4,25,0.09,2000-04-25
2000,4,27,0.04,2000-04-27
2000,4,28,0.58,2000-04-28
2000,5,3,0.12,2000-05-03
2000,5,4,0.55,2000-05-04
2000,5,21,0.92,2000-05-21
2000,5,23,0.11,2000-05-23
2000,5,24,0.03,2000-05-24
2000,5,25,0.15,2000-05-25
2000,5,27,0.45,2000-05-27
2000,5,28,0.06,2000-05-28
2000,6,4,0.06,2000-06-04
2000,6,5,1.18,2000-06-05
2000,6,13,0.1,2000-06-13
2000,6,14,0.09,2000-06-14
2000,6,15,0.19,2000-06-15
2000,6,16,0.35,2000-06-16
2000,6,17,0.03,2000-06-17
2000,6,18,0.06,2000-06-18
2000,6,19,0.32,2000-06-19
2000,6,20,0.08,2000-06-20
2000,6,21,0.05,2000-06-21
2000,6,22,0.35,2000-06-22
2000,6,25,0.01,2000-06-25
2000,6,27,0.11,2000-06-27
2000,6,28,0.24,2000-06-28
2000,6,29,0.58,2000-06-29
2000,7,6,0.12,2000-07-06
2000,7,11,0.38,2000-07-11
2000,7,12,0.21,2000-07-12
2000,7,19,0.17,2000-07-19
2000,7,24,0.36,2000-07-24
2000,7,26,0.28,2000-07-26
2000,7,27,0.09,2000-07-27
2000,7,28,0.59,2000-07-28
2000,7,30,0.93,2000-07-30
2000,7,31,0.12,2000-07-31
2000,8,1,0.42,2000-08-01
2000,8,2,0.65,2000-08-02
2000,8,3,0.05,2000-08-03
2000,8,4,0.28,2000-08-04
2000,8,10,0.06,2000-08-10
2000,8,11,0.15,2000-08-11
2000,8,18,0.03,2000-08-18
2000,8,20,0.31,2000-08-20
2000,8,27,0.12,2000-08-27
2000,8,30,0.03,2000-08-30
2000,8,31,0.04,2000-08-31
2000,9,1,0.35,2000-09-01
2000,9,2,0.18,2000-09-02
2000,9,6,0.08,2000-09-06
2000,9,7,0.04,2000-09-07
2000,9,8,0.05,2000-09-08
2000,9,20,0.1,2000-09-20
2000,9,21,1.48,2000-09-21
2000,9,22,0.25,2000-09-22
2000,9,23,0.03,2000-09-23
2000,9,24,0.16,2000-09-24
2000,9,25,0.74,2000-09-25
2000,11,4,0.11,2000-11-04
2000,11,6,0.02,2000-11-06
2000,11,7,0.33,2000-11-07
2000,11,8,0.25,2000-11-08
2000,11,9,5.54,2000-11-09
2000,11,16,0.5,2000-11-16
2000,11,17,0.07,2000-11-17
2000,11,19,0.39,2000-11-19
2000,11,24,0.48,2000-11-24
2000,11,25,1.31,2000-11-25
2000,12,2,0.03,2000-12-02
2000,12,3,0.25,2000-12-03
2000,12,11,0.05,2000-12-11
2000,12,12,0.05,2000-12-12
2000,12,13,0.41,2000-12-13
2000,12,14,0.47,2000-12-14
2000,12,15,0.03,2000-12-15
2000,12,16,1.79,2000-12-16
2000,12,17,0.09,2000-12-17
2000,12,19,0.21,2000-12-19
2000,12,27,0.1,2000-12-27
2000,12,30,0.03,2000-12-30
2001,1,7,0.04,2001-01-07
2001,1,8,0.25,2001-01-08
2001,1,11,0.14,2001-01-11
2001,1,12,0.48,2001-01-12
2001,1,14,0.01,2001-01-14
2001,1,17,0.22,2001-01-17
2001,1,18,1.2,2001-01-18
2001,1,19,2.38,2001-01-19
2001,1,20,0.01,2001-01-20
2001,1,29,0.66,2001-01-29
2001,1,30,0.57,2001-01-30
2001,2,9,0.07,2001-02-09
2001,2,10,0.43,2001-02-10
2001,2,11,0.06,2001-02-11
2001,2,12,0.24,2001-02-12
2001,2,13,0.22,2001-02-13
2001,2,14,0.22,2001-02-14
2001,2,15,0.18,2001-02-15
2001,2,16,1.22,2001-02-16
2001,2,17,0.04,2001-02-17
2001,2,21,0.09,2001-02-21
2001,2,22,0.83,2001-02-22
2001,2,24,0.16,2001-02-24
2001,2,25,1.48,2001-02-25
2001,3,3,0.44,2001-03-03
2001,3,4,0.23,2001-03-04
2001,3,12,1.32,2001-03-12
2001,3,13,0.06,2001-03-13
2001,3,15,1.17,2001-03-15
2001,3,20,1.31,2001-03-20
2001,3,28,0.04,2001-03-28
2001,3,29,1.85,2001-03-29
2001,3,30,0.1,2001-03-30
2001,4,3,0.17,2001-04-03
2001,4,12,0.08,2001-04-12
2001,4,13,0.54,2001-04-13
2001,4,15,0.33,2001-04-15
2001,4,24,0.02,2001-04-24
2001,4,25,0.04,2001-04-25
2001,4,30,0.84,2001-04-30
2001,5,5,0.06,2001-05-05
2001,5,6,0.15,2001-05-06
2001,5,9,0.34,2001-05-09
2001,5,11,0.18,2001-05-11
2001,5,21,0.18,2001-05-21
2001,5,22,0.22,2001-05-22
2001,5,24,0.68,2001-05-24
2001,5,25,0.7,2001-05-25
2001,5,28,0.5,2001-05-28
2001,5,29,0.05,2001-05-29
2001,5,31,0.5,2001-05-31
2001,6,1,0.99,2001-06-01
2001,6,3,0.04,2001-06-03
2001,6,6,0.06,2001-06-06
2001,6,7,0.11,2001-06-07
2001,6,8,0.43,2001-06-08
2001,6,15,0.13,2001-06-15
2001,6,20,0.26,2001-06-20
2001,6,22,0.5,2001-06-22
2001,6,25,0.14,2001-06-25
2001,6,26,2.71,2001-06-26
2001,6,27,0.43,2001-06-27
2001,6,29,1.02,2001-06-29
2001,6,30,0.45,2001-06-30
2001,7,2,0.01,2001-07-02
2001,7,3,0.44,2001-07-03
2001,7,4,0.21,2001-07-04
2001,7,8,0.1,2001-07-08
2001,7,9,0.03,2001-07-09
2001,7,24,0.09,2001-07-24
2001,7,25,0.43,2001-07-25
2001,7,26,0.16,2001-07-26
2001,7,27,0.05,2001-07-27
2001,7,29,0.5,2001-07-29
2001,8,1,0.1,2001-08-01
2001,8,2,0.58,2001-08-02
2001,8,3,0.08,2001-08-03
2001,8,4,0.26,2001-08-04
2001,8,7,0.05,2001-08-07
2001,8,10,0.43,2001-08-10
2001,8,12,1.4,2001-08-12
2001,8,13,0.93,2001-08-13
2001,8,25,0.06,2001-08-25
2001,8,26,0.07,2001-08-26
2001,8,28,0.22,2001-08-28
2001,8,29,0.18,2001-08-29
2001,8,31,0.25,2001-08-31
2001,9,1,0.41,2001-09-01
2001,9,2,0.23,2001-09-02
2001,9,3,0.3,2001-09-03
2001,9,4,0.55,2001-09-04
2001,9,19,1.21,2001-09-19
2001,9,20,1.63,2001-09-20
2001,9,23,1.09,2001-09-23
2001,9,24,2.17,2001-09-24
2001,10,5,0.06,2001-10-05
2001,10,6,0.41,2001-10-06
2001,10,11,0.11,2001-10-11
2001,10,12,0.48,2001-10-12
2001,10,13,0.36,2001-10-13
2001,10,14,1.71,2001-10-14
2001,10,24,0.06,2001-10-24
2001,10,25,0.25,2001-10-25
2001,11,23,1.25,2001-11-23
2001,11,24,0.82,2001-11-24
2001,11,25,0.25,2001-11-25
2001,11,29,0.03,2001-11-29
2001,11,30,0.71,2001-11-30
2001,12,10,1.38,2001-12-10
2001,12,13,0.3,2001-12-13
2001,12,14,0.42,2001-12-14
2001,12,17,0.75,2001-12-17
2001,12,23,0.78,2001-12-23
2002,1,2,0.05,2002-01-02
2002,1,3,0.05,2002-01-03
2002,1,6,0.86,2002-01-06
2002,1,11,0.06,2002-01-11
2002,1,18,0.05,2002-01-18
2002,1,19,2.45,2002-01-19
2002,1,21,0.75,2002-01-21
2002,1,22,0.15,2002-01-22
2002,1,23,1.41,2002-01-23
2002,1,24,1.19,2002-01-24
2002,1,25,0.07,2002-01-25
2002,1,31,0.12,2002-01-31
2002,2,1,0.17,2002-02-01
2002,2,3,0.05,2002-02-03
2002,2,6,1.46,2002-02-06
2002,2,7,0.28,2002-02-07
2002,2,10,0.04,2002-02-10
2002,2,20,0.55,2002-02-20
2002,2,26,0.07,2002-02-26
2002,3,2,1.65,2002-03-02
2002,3,3,0.14,2002-03-03
2002,3,9,0.4,2002-03-09
2002,3,12,1.16,2002-03-12
2002,3,13,0.6,2002-03-13
2002,3,16,0.2,2002-03-16
2002,3,17,0.46,2002-03-17
2002,3,18,0.06,2002-03-18
2002,3,20,0.22,2002-03-20
2002,3,21,0.38,2002-03-21
2002,3,26,0.62,2002-03-26
2002,3,30,1.51,2002-03-30
2002,3,31,0.33,2002-03-31
2002,4,9,1.36,2002-04-09
2002,4,10,0.12,2002-04-10
2002,4,12,0.06,2002-04-12
2002,4,13,0.09,2002-04-13
2002,4,14,0.33,2002-04-14
2002,4,17,0.05,2002-04-17
2002,4,18,0.05,2002-04-18
2002,4,24,0.08,2002-04-24
2002,4,25,0.47,2002-04-25
2002,4,26,0.02,2002-04-26
2002,4,28,0.09,2002-04-28
2002,4,30,0.07,2002-04-30
2002,5,1,0.94,2002-05-01
2002,5,2,0.52,2002-05-02
2002,5,3,0.42,2002-05-03
2002,5,4,1.79,2002-05-04
2002,5,9,0.16,2002-05-09
2002,5,10,0.17,2002-05-10
2002,5,13,0.91,2002-05-13
2002,5,17,0.82,2002-05-17
2002,5,18,0.8,2002-05-18
2002,5,27,0.22,2002-05-27
2002,5,31,0.28,2002-05-31
2002,6,3,0.17,2002-06-03
2002,6,4,0.16,2002-06-04
2002,6,5,0.2,2002-06-05
2002,6,6,0.56,2002-06-06
2002,6,13,0.15,2002-06-13
2002,6,14,0.03,2002-06-14
2002,6,20,0.16,2002-06-20
2002,6,23,0.09,2002-06-23
2002,6,25,1.43,2002-06-25
2002,6,26,0.27,2002-06-26
2002,6,27,0.08,2002-06-27
2002,6,28,0.07,2002-06-28
2002,6,29,0.36,2002-06-29
2002,7,1,0.21,2002-07-01
2002,7,10,0.02,2002-07-10
2002,7,11,0.21,2002-07-11
2002,7,12,0.16,2002-07-12
2002,7,13,1.05,2002-07-13
2002,7,14,0.04,2002-07-14
2002,7,15,0.09,2002-07-15
2002,7,22,0.03,2002-07-22
2002,7,24,0.12,2002-07-24
2002,7,25,0.55,2002-07-25
2002,7,26,0.02,2002-07-26
2002,8,1,0.03,2002-08-01
2002,8,2,0.02,2002-08-02
2002,8,4,0.03,2002-08-04
2002,8,15,0.59,2002-08-15
2002,8,16,0.55,2002-08-16
2002,8,17,0.12,2002-08-17
2002,8,18,0.16,2002-08-18
2002,8,19,0.09,2002-08-19
2002,8,25,1.54,2002-08-25
2002,8,26,0.99,2002-08-26
2002,9,13,0.22,2002-09-13
2002,9,14,1.82,2002-09-14
2002,9,15,0.94,2002-09-15
2002,9,16,0.02,2002-09-16
2002,9,17,0.02,2002-09-17
2002,9,18,0.13,2002-09-18
2002,9,20,0.45,2002-09-20
2002,9,21,1.36,2002-09-21
2002,9,22,0.28,2002-09-22
2002,9,25,2.11,2002-09-25
2002,9,26,2.68,2002-09-26
2002,9,27,1.48,2002-09-27
2002,9,29,0.05,2002-09-29
2002,10,4,0.06,2002-10-04
2002,10,5,0.23,2002-10-05
2002,10,7,0.03,2002-10-07
2002,10,10,0.92,2002-10-10
2002,10,11,0.33,2002-10-11
2002,10,14,0.02,2002-10-14
2002,10,15,2.46,2002-10-15
2002,10,16,0.01,2002-10-16
2002,10,20,0.06,2002-10-20
2002,10,25,0.2,2002-10-25
2002,10,28,0.61,2002-10-28
2002,10,29,0.32,2002-10-29
2002,10,30,0.04,2002-10-30
2002,11,3,0.08,2002-11-03
2002,11,4,0.04,2002-11-04
2002,11,5,1.1,2002-11-05
2002,11,6,0.07,2002-11-06
2002,11,9,0.2,2002-11-09
2002,11,10,0.52,2002-11-10
2002,11,11,1.57,2002-11-11
2002,11,12,0.58,2002-11-12
2002,11,15,0.82,2002-11-15
2002,11,16,0.73,2002-11-16
2002,11,19,0.06,2002-11-19
2002,11,20,0.2,2002-11-20
2002,11,21,0.57,2002-11-21
2002,11,26,0.08,2002-11-26
2002,12,2,0.05,2002-12-02
2002,12,4,1.45,2002-12-04
2002,12,5,0.5,2002-12-05
2002,12,10,0.77,2002-12-10
2002,12,11,0.08,2002-12-11
2002,12,13,1.03,2002-12-13
2002,12,19,1.49,2002-12-19
2002,12,20,0.32,2002-12-20
2002,12,22,0.08,2002-12-22
2002,12,23,0.01,2002-12-23
2002,12,24,2.19,2002-12-24
2002,12,25,0.16,2002-12-25
2002,12,31,0.89,2002-12-31
2003,1,1,0.35,2003-01-01
2003,1,2,0.44,2003-01-02
2003,1,3,0.08,2003-01-03
2003,1,9,0.05,2003-01-09
2003,1,10,0.02,2003-01-10
2003,1,16,0.24,2003-01-16
2003,1,21,0.11,2003-01-21
2003,1,29,0.84,2003-01-29
2003,1,30,0.09,2003-01-30
2003,2,4,0.87,2003-02-04
2003,2,6,0.75,2003-02-06
2003,2,7,0.16,2003-02-07
2003,2,9,0.13,2003-02-09
2003,2,10,0.4,2003-02-10
2003,2,14,1.56,2003-02-14
2003,2,15,0.07,2003-02-15
2003,2,16,1.06,2003-02-16
2003,2,20,0.02,2003-02-20
2003,2,21,0.23,2003-02-21
2003,2,22,2.67,2003-02-22
2003,2,23,0.02,2003-02-23
2003,2,25,0.11,2003-02-25
2003,2,26,0.7,2003-02-26
2003,2,27,0.43,2003-02-27
2003,3,5,0.55,2003-03-05
2003,3,6,1.27,2003-03-06
2003,3,13,0.1,2003-03-13
2003,3,14,0.1,2003-03-14
2003,3,15,0.4,2003-03-15
2003,3,16,0.28,2003-03-16
2003,3,17,0.28,2003-03-17
2003,3,18,0.07,2003-03-18
2003,3,19,0.74,2003-03-19
2003,3,20,0.69,2003-03-20
2003,3,29,0.11,2003-03-29
2003,3,30,0.67,2003-03-30
2003,4,5,0.85,2003-04-05
2003,4,6,0.42,2003-04-06
2003,4,7,0.81,2003-04-07
2003,4,8,0.23,2003-04-08
2003,4,9,0.3,2003-04-09
2003,4,10,0.9,2003-04-10
2003,4,17,1.12,2003-04-17
2003,4,18,0.59,2003-04-18
2003,4,21,0.47,2003-04-21
2003,4,24,0.11,2003-04-24
2003,4,25,0.18,2003-04-25
2003,4,26,0.13,2003-04-26
2003,4,29,0.9,2003-04-29
2003,4,30,0.11,2003-04-30
2003,5,1,0.07,2003-05-01
2003,5,2,0.38,2003-05-02
2003,5,5,2.67,2003-05-05
2003,5,6,1.44,2003-05-06
2003,5,7,1.99,2003-05-07
2003,5,11,0.3,2003-05-11
2003,5,15,0.23,2003-05-15
2003,5,17,0.42,2003-05-17
2003,5,18,0.23,2003-05-18
2003,5,21,0.95,2003-05-21
2003,5,22,1.6,2003-05-22
2003,5,23,0.38,2003-05-23
2003,5,25,0.07,2003-05-25
2003,5,29,0.03,2003-05-29
2003,6,2,0.03,2003-06-02
2003,6,3,0.83,2003-06-03
2003,6,4,0.25,2003-06-04
2003,6,6,1.11,2003-06-06
2003,6,7,2.45,2003-06-07
2003,6,8,0.02,2003-06-08
2003,6,11,0.1,2003-06-11
2003,6,12,0.15,2003-06-12
2003,6,14,0.34,2003-06-14
2003,6,16,0.22,2003-06-16
2003,6,17,0.06,2003-06-17
2003,6,18,1.02,2003-06-18
2003,6,19,0.09,2003-06-19
2003,6,27,0.29,2003-06-27
2003,6,28,0.04,2003-06-28
2003,6,29,0.04,2003-06-29
2003,6,30,0.32,2003-06-30
2003,7,1,4.47,2003-07-01
2003,7,2,0.48,2003-07-02
2003,7,5,0.24,2003-07-05
2003,7,6,1.61,2003-07-06
2003,7,7,0.06,2003-07-07
2003,7,8,0.11,2003-07-08
2003,7,9,0.06,2003-07-09
2003,7,10,0.33,2003-07-10
2003,7,11,0.04,2003-07-11
2003,7,13,0.51,2003-07-13
2003,7,14,0.48,2003-07-14
2003,7,22,0.78,2003-07-22
2003,7,23,0.08,2003-07-23
2003,7,30,0.33,2003-07-30
2003,7,31,0.42,2003-07-31
2003,8,3,0.47,2003-08-03
2003,8,4,0.05,2003-08-04
2003,8,5,0.24,2003-08-05
2003,8,6,0.13,2003-08-06
2003,8,7,1.25,2003-08-07
2003,8,8,0.08,2003-08-08
2003,8,9,0.15,2003-08-09
2003,8,12,0.18,2003-08-12
2003,8,13,0.18,2003-08-13
2003,8,14,0.02,2003-08-14
2003,8,15,0.14,2003-08-15
2003,8,16,0.37,2003-08-16
2003,8,17,0.05,2003-08-17
2003,8,21,0.09,2003-08-21
2003,8,22,0.1,2003-08-22
2003,8,29,2.03,2003-08-29
2003,8,30,0.58,2003-08-30
2003,8,31,0.15,2003-08-31
2003,9,1,0.72,2003-09-01
2003,9,3,0.04,2003-09-03
2003,9,4,0.32,2003-09-04
2003,9,7,0.04,2003-09-07
2003,9,9,0.1,2003-09-09
2003,9,14,0.08,2003-09-14
2003,9,15,0.2,2003-09-15
2003,9,21,0.16,2003-09-21
2003,9,22,4.43,2003-09-22
2003,9,27,0.21,2003-09-27
2003,10,8,0.24,2003-10-08
2003,10,10,0.02,2003-10-10
2003,10,11,0.11,2003-10-11
2003,10,14,0.19,2003-10-14
2003,10,26,1.92,2003-10-26
2003,10,27,0.05,2003-10-27
2003,11,4,0.1,2003-11-04
2003,11,5,1.9,2003-11-05
2003,11,6,0.48,2003-11-06
2003,11,12,0.02,2003-11-12
2003,11,18,2.35,2003-11-18
2003,11,19,2.75,2003-11-19
2003,11,24,0.88,2003-11-24
2003,11,27,0.47,2003-11-27
2003,11,28,1.56,2003-11-28
2003,12,3,0.04,2003-12-03
2003,12,4,1.02,2003-12-04
2003,12,10,1.66,2003-12-10
2003,12,13,0.51,2003-12-13
2003,12,14,0.25,2003-12-14
2003,12,16,0.17,2003-12-16
2003,12,17,0.43,2003-12-17
2003,12,18,0.09,2003-12-18
2003,12,19,0.03,2003-12-19
2003,12,23,0.52,2003-12-23
2003,12,24,0.15,2003-12-24
2003,12,29,0.3,2003-12-29
2003,12,30,0.34,2003-12-30
2004,1,5,0.89,2004-01-05
2004,1,8,0.02,2004-01-08
2004,1,9,0.08,2004-01-09
2004,1,17,0.35,2004-01-17
2004,1,18,0.48,2004-01-18
2004,1,25,1.47,2004-01-25
2004,2,2,1.55,2004-02-02
2004,2,3,0.15,2004-02-03
2004,2,5,0.45,2004-02-05
2004,2,6,1.9,2004-02-06
2004,2,10,0.02,2004-02-10
2004,2,11,0.02,2004-02-11
2004,2,12,0.73,2004-02-12
2004,2,15,0.32,2004-02-15
2004,2,20,0.05,2004-02-20
2004,2,21,0.09,2004-02-21
2004,2,26,0.33,2004-02-26
2004,3,2,0.63,2004-03-02
2004,3,5,0.08,2004-03-05
2004,3,6,0.67,2004-03-06
2004,3,7,0.06,2004-03-07
2004,3,9,0.2,2004-03-09
2004,3,14,0.26,2004-03-14
2004,3,15,0.27,2004-03-15
2004,3,16,0.26,2004-03-16
2004,3,18,0.04,2004-03-18
2004,3,20,0.3,2004-03-20
2004,3,30,0.43,2004-03-30
2004,3,31,0.16,2004-03-31
2004,4,1,0.06,2004-04-01
2004,4,11,0.02,2004-04-11
2004,4,12,0.59,2004-04-12
2004,4,13,1.71,2004-04-13
2004,4,14,0.05,2004-04-14
2004,4,25,1.04,2004-04-25
2004,4,26,0.61,2004-04-26
2004,4,30,0.07,2004-04-30
2004,5,1,0.09,2004-05-01
2004,5,2,1.04,2004-05-02
2004,5,8,0.08,2004-05-08
2004,5,9,1,2004-05-09
2004,5,12,0.5,2004-05-12
2004,5,13,0.13,2004-05-13
2004,5,16,0.57,2004-05-16
2004,5,18,0.69,2004-05-18
2004,5,19,0.03,2004-05-19
2004,5,22,0.08,2004-05-22
2004,5,30,0.56,2004-05-30
2004,5,31,1.2,2004-05-31
2004,6,1,0.01,2004-06-01
2004,6,3,0.06,2004-06-03
2004,6,8,0.46,2004-06-08
2004,6,10,0.12,2004-06-10
2004,6,12,0.52,2004-06-12
2004,6,13,0.1,2004-06-13
2004,6,14,0.39,2004-06-14
2004,6,15,1.83,2004-06-15
2004,6,21,0.19,2004-06-21
2004,6,22,0.06,2004-06-22
2004,6,23,0.22,2004-06-23
2004,6,24,0.41,2004-06-24
2004,6,25,1.32,2004-06-25
2004,6,27,0.2,2004-06-27
2004,6,28,0.28,2004-06-28
2004,6,29,0.07,2004-06-29
2004,6,30,0.41,2004-06-30
2004,7,1,0.11,2004-07-01
2004,7,2,0.23,2004-07-02
2004,7,3,0.25,2004-07-03
2004,7,5,0.1,2004-07-05
2004,7,7,0.03,2004-07-07
2004,7,12,0.05,2004-07-12
2004,7,17,0.69,2004-07-17
2004,7,19,0.1,2004-07-19
2004,7,20,0.14,2004-07-20
2004,7,24,0.1,2004-07-24
2004,7,25,0.5,2004-07-25
2004,7,26,0.67,2004-07-26
2004,7,27,0.02,2004-07-27
2004,7,29,0.63,2004-07-29
2004,7,30,0.86,2004-07-30
2004,7,31,0.06,2004-07-31
2004,8,1,0.01,2004-08-01
2004,8,2,0.71,2004-08-02
2004,8,5,0.28,2004-08-05
2004,8,12,0.48,2004-08-12
2004,8,17,0.03,2004-08-17
2004,8,20,0.79,2004-08-20
2004,8,21,0.05,2004-08-21
2004,8,23,0.1,2004-08-23
2004,8,24,0.03,2004-08-24
2004,8,27,0.62,2004-08-27
2004,8,29,0.6,2004-08-29
2004,9,1,0.14,2004-09-01
2004,9,2,0.03,2004-09-02
2004,9,6,0.06,2004-09-06
2004,9,7,4.88,2004-09-07
2004,9,8,1.13,2004-09-08
2004,9,16,1.97,2004-09-16
2004,9,17,5.19,2004-09-17
2004,9,19,0.05,2004-09-19
2004,9,20,0.21,2004-09-20
2004,9,27,1.82,2004-09-27
2004,9,28,0.3,2004-09-28
2004,10,2,0.03,2004-10-02
2004,10,12,0.38,2004-10-12
2004,10,13,0.04,2004-10-13
2004,10,14,0.06,2004-10-14
2004,10,19,0.61,2004-10-19
2004,10,24,0.07,2004-10-24
2004,10,28,0.11,2004-10-28
2004,11,2,1.37,2004-11-02
2004,11,3,1.25,2004-11-03
2004,11,4,1.16,2004-11-04
2004,11,11,0.32,2004-11-11
2004,11,12,1.9,2004-11-12
2004,11,21,0.06,2004-11-21
2004,11,22,0.06,2004-11-22
2004,11,23,0.4,2004-11-23
2004,11,24,2.21,2004-11-24
2004,11,25,0.16,2004-11-25
2004,11,27,0.44,2004-11-27
2004,11,30,0.69,2004-11-30
2004,12,1,0.62,2004-12-01
2004,12,5,0.05,2004-12-05
2004,12,6,1.87,2004-12-06
2004,12,7,0.55,2004-12-07
2004,12,9,1.69,2004-12-09
2004,12,10,0.1,2004-12-10
2004,12,19,0.04,2004-12-19
2004,12,22,0.65,2004-12-22
2004,12,23,1.91,2004-12-23
2005,1,6,0.05,2005-01-06
2005,1,7,0.03,2005-01-07
2005,1,8,0.39,2005-01-08
2005,1,13,2.14,2005-01-13
2005,1,14,0.06,2005-01-14
2005,1,22,0.03,2005-01-22
2005,1,29,1.05,2005-01-29
2005,2,2,0.57,2005-02-02
2005,2,3,0.32,2005-02-03
2005,2,9,0.08,2005-02-09
2005,2,13,0.38,2005-02-13
2005,2,14,0.6,2005-02-14
2005,2,16,0.09,2005-02-16
2005,2,20,0.66,2005-02-20
2005,2,21,1.5,2005-02-21
2005,2,24,0.62,2005-02-24
2005,2,27,0.41,2005-02-27
2005,2,28,0.4,2005-02-28
2005,3,5,0.06,2005-03-05
2005,3,7,1,2005-03-07
2005,3,8,0.46,2005-03-08
2005,3,13,0.18,2005-03-13
2005,3,14,0.08,2005-03-14
2005,3,16,0.4,2005-03-16
2005,3,17,0.26,2005-03-17
2005,3,22,0.94,2005-03-22
2005,3,23,0.57,2005-03-23
2005,3,27,1.56,2005-03-27
2005,3,28,0.73,2005-03-28
2005,3,31,0.66,2005-03-31
2005,4,1,0.48,2005-04-01
2005,4,2,0.62,2005-04-02
2005,4,7,1.59,2005-04-07
2005,4,8,0.08,2005-04-08
2005,4,12,0.66,2005-04-12
2005,4,13,0.79,2005-04-13
2005,4,14,0.05,2005-04-14
2005,4,22,0.85,2005-04-22
2005,4,23,0.16,2005-04-23
2005,4,26,0.36,2005-04-26
2005,4,27,0.06,2005-04-27
2005,4,30,0.58,2005-04-30
2005,5,5,0.02,2005-05-05
2005,5,10,0.65,2005-05-10
2005,5,14,0.22,2005-05-14
2005,5,15,0.38,2005-05-15
2005,5,19,0.02,2005-05-19
2005,5,20,2.71,2005-05-20
2005,5,29,0.1,2005-05-29
2005,5,30,0.09,2005-05-30
2005,6,1,2.59,2005-06-01
2005,6,2,0.42,2005-06-02
2005,6,3,0.29,2005-06-03
2005,6,6,0.28,2005-06-06
2005,6,7,2.72,2005-06-07
2005,6,8,0.06,2005-06-08
2005,6,9,0.24,2005-06-09
2005,6,10,0.56,2005-06-10
2005,6,11,0.06,2005-06-11
2005,6,12,3.09,2005-06-12
2005,6,13,0.06,2005-06-13
2005,6,18,1.33,2005-06-18
2005,6,19,0.12,2005-06-19
2005,6,20,0.2,2005-06-20
2005,6,26,0.47,2005-06-26
2005,6,27,0.48,2005-06-27
2005,6,28,0.43,2005-06-28
2005,6,29,0.42,2005-06-29
2005,7,1,0.72,2005-07-01
2005,7,3,0.2,2005-07-03
2005,7,4,0.71,2005-07-04
2005,7,6,0.05,2005-07-06
2005,7,7,2.89,2005-07-07
2005,7,9,1.6,2005-07-09
2005,7,10,0.06,2005-07-10
2005,7,11,3.55,2005-07-11
2005,7,12,0.41,2005-07-12
2005,7,13,0.18,2005-07-13
2005,7,14,0.13,2005-07-14
2005,7,15,0.14,2005-07-15
2005,7,19,0.36,2005-07-19
2005,7,20,0.02,2005-07-20
2005,7,29,1.3,2005-07-29
2005,7,31,1.36,2005-07-31
2005,8,5,0.29,2005-08-05
2005,8,7,1.46,2005-08-07
2005,8,8,0.3,2005-08-08
2005,8,9,0.09,2005-08-09
2005,8,12,0.07,2005-08-12
2005,8,13,0.86,2005-08-13
2005,8,16,0.05,2005-08-16
2005,8,17,0.93,2005-08-17
2005,8,18,0.36,2005-08-18
2005,8,19,0.46,2005-08-19
2005,8,22,0.91,2005-08-22
2005,8,23,0.22,2005-08-23
2005,8,29,0.73,2005-08-29
2005,8,30,2.94,2005-08-30
2005,9,16,0.54,2005-09-16
2005,9,26,0.51,2005-09-26
2005,9,28,0.12,2005-09-28
2005,9,29,0.12,2005-09-29
2005,10,6,0.88,2005-10-06
2005,10,7,1.63,2005-10-07
2005,11,6,0.08,2005-11-06
2005,11,10,0.04,2005-11-10
2005,11,13,0.08,2005-11-13
2005,11,15,0.28,2005-11-15
2005,11,16,1.96,2005-11-16
2005,11,20,0.02,2005-11-20
2005,11,21,2.49,2005-11-21
2005,11,27,0.12,2005-11-27
2005,11,28,0.76,2005-11-28
2005,11,29,1.53,2005-11-29
2005,12,3,0.18,2005-12-03
2005,12,4,1.05,2005-12-04
2005,12,5,0.76,2005-12-05
2005,12,8,0.8,2005-12-08
2005,12,9,0.13,2005-12-09
2005,12,14,0.05,2005-12-14
2005,12,15,2.09,2005-12-15
2005,12,24,0.34,2005-12-24
2005,12,25,0.49,2005-12-25
2005,12,28,0.45,2005-12-28
2006,1,2,1.14,2006-01-02
2006,1,11,0.67,2006-01-11
2006,1,13,0.88,2006-01-13
2006,1,16,0.24,2006-01-16
2006,1,17,3.25,2006-01-17
2006,1,18,0.06,2006-01-18
2006,1,21,0.68,2006-01-21
2006,1,22,0.29,2006-01-22
2006,1,23,0.26,2006-01-23
2006,1,29,0.5,2006-01-29
2006,1,30,0.34,2006-01-30
2006,2,2,0.07,2006-02-02
2006,2,3,0.02,2006-02-03
2006,2,4,0.97,2006-02-04
2006,2,6,0.08,2006-02-06
2006,2,8,0.06,2006-02-08
2006,2,9,0.01,2006-02-09
2006,2,11,0.58,2006-02-11
2006,2,18,0.26,2006-02-18
2006,2,22,0.39,2006-02-22
2006,2,23,0.08,2006-02-23
2006,3,9,0.68,2006-03-09
2006,3,10,0.27,2006-03-10
2006,3,14,0.3,2006-03-14
2006,3,16,0.02,2006-03-16
2006,3,20,1.05,2006-03-20
2006,3,21,0.17,2006-03-21
2006,3,23,0.04,2006-03-23
2006,3,31,0.21,2006-03-31
2006,4,1,0.57,2006-04-01
2006,4,2,0.26,2006-04-02
2006,4,3,0.76,2006-04-03
2006,4,8,0.43,2006-04-08
2006,4,19,0.28,2006-04-19
2006,4,20,0.44,2006-04-20
2006,4,21,0.38,2006-04-21
2006,4,22,1.26,2006-04-22
2006,4,26,0.28,2006-04-26
2006,4,29,0.12,2006-04-29
2006,4,30,0.04,2006-04-30
2006,5,1,0.1,2006-05-01
2006,5,2,0.06,2006-05-02
2006,5,4,0.05,2006-05-04
2006,5,5,0.15,2006-05-05
2006,5,7,0.38,2006-05-07
2006,5,11,0.14,2006-05-11
2006,5,12,0.06,2006-05-12
2006,5,13,0.15,2006-05-13
2006,5,15,0.01,2006-05-15
2006,5,17,0.01,2006-05-17
2006,5,18,0.1,2006-05-18
2006,5,20,0.55,2006-05-20
2006,5,21,0.07,2006-05-21
2006,5,22,0.2,2006-05-22
2006,5,26,0.08,2006-05-26
2006,5,29,0.1,2006-05-29
2006,5,31,0.11,2006-05-31
2006,6,2,0.35,2006-06-02
2006,6,4,0.44,2006-06-04
2006,6,12,0.05,2006-06-12
2006,6,13,0.06,2006-06-13
2006,6,22,0.14,2006-06-22
2006,6,23,0.29,2006-06-23
2006,6,24,0.12,2006-06-24
2006,6,25,1.13,2006-06-25
2006,6,26,2.39,2006-06-26
2006,7,4,0.13,2006-07-04
2006,7,5,0.58,2006-07-05
2006,7,6,0.23,2006-07-06
2006,7,10,0.05,2006-07-10
2006,7,11,0.01,2006-07-11
2006,7,12,0.01,2006-07-12
2006,7,14,0.71,2006-07-14
2006,7,20,0.13,2006-07-20
2006,7,21,0.02,2006-07-21
2006,7,22,0.17,2006-07-22
2006,7,24,0.32,2006-07-24
2006,7,29,0.2,2006-07-29
2006,8,9,0.04,2006-08-09
2006,8,10,0.03,2006-08-10
2006,8,11,0.06,2006-08-11
2006,8,12,0.33,2006-08-12
2006,8,15,0.48,2006-08-15
2006,8,19,0.37,2006-08-19
2006,8,20,0.09,2006-08-20
2006,8,23,0.02,2006-08-23
2006,8,28,0.2,2006-08-28
2006,8,29,0.04,2006-08-29
2006,8,30,0.05,2006-08-30
2006,8,31,2.55,2006-08-31
2006,9,1,1.04,2006-09-01
2006,9,4,1.27,2006-09-04
2006,9,5,0.96,2006-09-05
2006,9,7,0.05,2006-09-07
2006,9,10,0.02,2006-09-10
2006,9,12,0.06,2006-09-12
2006,9,13,0.87,2006-09-13
2006,9,18,0.77,2006-09-18
2006,9,19,0.07,2006-09-19
2006,9,22,0.2,2006-09-22
2006,9,23,0.3,2006-09-23
2006,9,24,1.05,2006-09-24
2006,9,28,0.11,2006-09-28
2006,10,1,0.05,2006-10-01
2006,10,5,0.13,2006-10-05
2006,10,6,0.02,2006-10-06
2006,10,11,0.02,2006-10-11
2006,10,12,0.02,2006-10-12
2006,10,16,0.83,2006-10-16
2006,10,17,2.96,2006-10-17
2006,10,18,0.03,2006-10-18
2006,10,19,0.89,2006-10-19
2006,10,22,0.12,2006-10-22
2006,10,27,1.8,2006-10-27
2006,11,1,0.14,2006-11-01
2006,11,7,1.28,2006-11-07
2006,11,11,0.03,2006-11-11
2006,11,15,2.98,2006-11-15
2006,11,16,0.61,2006-11-16
2006,11,29,0.29,2006-11-29
2006,11,30,1.3,2006-11-30
2006,12,1,1.44,2006-12-01
2006,12,13,0.23,2006-12-13
2006,12,21,0.06,2006-12-21
2006,12,22,1.68,2006-12-22
2006,12,25,0.88,2006-12-25
2006,12,26,0.3,2006-12-26
2006,12,30,0.17,2006-12-30
2006,12,31,3.48,2006-12-31
2007,1,1,0.02,2007-01-01
2007,1,4,0.08,2007-01-04
2007,1,5,0.92,2007-01-05
2007,1,7,1.76,2007-01-07
2007,1,8,0.15,2007-01-08
2007,1,9,0.03,2007-01-09
2007,1,15,0.03,2007-01-15
2007,1,18,0.2,2007-01-18
2007,1,21,1.37,2007-01-21
2007,2,1,0.64,2007-02-01
2007,2,3,0.04,2007-02-03
2007,2,13,0.4,2007-02-13
2007,2,14,0.13,2007-02-14
2007,2,18,0.03,2007-02-18
2007,2,20,0.33,2007-02-20
2007,2,21,0.05,2007-02-21
2007,2,25,0.91,2007-02-25
2007,3,1,2.84,2007-03-01
2007,3,2,0.02,2007-03-02
2007,3,14,0.01,2007-03-14
2007,3,15,0.72,2007-03-15
2007,3,16,1.17,2007-03-16
2007,3,29,0.21,2007-03-29
2007,4,1,1.36,2007-04-01
2007,4,2,0.06,2007-04-02
2007,4,4,0.62,2007-04-04
2007,4,11,0.31,2007-04-11
2007,4,14,0.73,2007-04-14
2007,4,15,0.82,2007-04-15
2007,4,26,0.39,2007-04-26
2007,5,3,0.08,2007-05-03
2007,5,4,0.04,2007-05-04
2007,5,5,0.6,2007-05-05
2007,5,12,0.08,2007-05-12
2007,6,1,1.57,2007-06-01
2007,6,3,0.07,2007-06-03
2007,6,4,0.01,2007-06-04
2007,6,11,0.1,2007-06-11
2007,6,12,0.78,2007-06-12
2007,6,13,0.02,2007-06-13
2007,6,14,0.64,2007-06-14
2007,6,15,0.4,2007-06-15
2007,6,18,1.34,2007-06-18
2007,6,19,0.72,2007-06-19
2007,6,20,0.01,2007-06-20
2007,6,25,0.32,2007-06-25
2007,6,26,0.02,2007-06-26
2007,6,28,0.22,2007-06-28
2007,6,29,0.44,2007-06-29
2007,7,3,0.07,2007-07-03
2007,7,7,0.53,2007-07-07
2007,7,9,0.83,2007-07-09
2007,7,10,0.28,2007-07-10
2007,7,11,0.69,2007-07-11
2007,7,15,0.05,2007-07-15
2007,7,17,0.22,2007-07-17
2007,7,19,0.01,2007-07-19
2007,7,20,0.16,2007-07-20
2007,7,22,0.6,2007-07-22
2007,7,24,0.07,2007-07-24
2007,7,25,0.14,2007-07-25
2007,7,26,0.06,2007-07-26
2007,7,27,0.02,2007-07-27
2007,7,28,0.42,2007-07-28
2007,7,29,0.1,2007-07-29
2007,7,30,0.53,2007-07-30
2007,7,31,0.03,2007-07-31
2007,8,3,0.44,2007-08-03
2007,8,5,1.54,2007-08-05
2007,8,24,0.36,2007-08-24
2007,8,25,0.14,2007-08-25
2007,8,26,0.06,2007-08-26
2007,8,29,0.05,2007-08-29
2007,8,30,0.31,2007-08-30
2007,8,31,1.41,2007-08-31
2007,9,11,0.05,2007-09-11
2007,9,14,1.95,2007-09-14
2007,10,5,0.14,2007-10-05
2007,10,17,0.04,2007-10-17
2007,10,18,0.19,2007-10-18
2007,10,19,0.52,2007-10-19
2007,10,22,0.61,2007-10-22
2007,10,23,1.65,2007-10-23
2007,10,24,0.72,2007-10-24
2007,10,25,0.06,2007-10-25
2007,10,29,0.02,2007-10-29
2007,11,6,0.09,2007-11-06
2007,11,13,0.05,2007-11-13
2007,11,14,0.9,2007-11-14
2007,11,16,0.02,2007-11-16
2007,11,21,0.56,2007-11-21
2007,11,22,0.57,2007-11-22
2007,11,25,0.2,2007-11-25
2007,11,26,0.72,2007-11-26
2007,12,2,0.26,2007-12-02
2007,12,3,0.09,2007-12-03
2007,12,9,0.07,2007-12-09
2007,12,13,0.06,2007-12-13
2007,12,15,0.74,2007-12-15
2007,12,16,0.07,2007-12-16
2007,12,18,0.04,2007-12-18
2007,12,20,0.15,2007-12-20
2007,12,21,0.77,2007-12-21
2007,12,22,0.34,2007-12-22
2007,12,23,0.68,2007-12-23
2007,12,26,0.07,2007-12-26
2007,12,28,1.33,2007-12-28
2007,12,29,0.06,2007-12-29
2007,12,30,0.99,2007-12-30
2007,12,31,0.04,2007-12-31
2008,1,10,2.32,2008-01-10
2008,1,11,0.56,2008-01-11
2008,1,16,0.19,2008-01-16
2008,1,17,1.02,2008-01-17
2008,1,19,0.1,2008-01-19
2008,1,22,0.35,2008-01-22
2008,1,23,0.05,2008-01-23
2008,1,29,0.98,2008-01-29
2008,1,30,0.19,2008-01-30
2008,1,31,0.76,2008-01-31
2008,2,1,1.3,2008-02-01
2008,2,3,0.24,2008-02-03
2008,2,4,0.13,2008-02-04
2008,2,6,1.13,2008-02-06
2008,2,11,0.03,2008-02-11
2008,2,13,0.37,2008-02-13
2008,2,17,1.65,2008-02-17
2008,2,19,0.02,2008-02-19
2008,2,21,0.37,2008-02-21
2008,2,22,0.32,2008-02-22
2008,2,26,0.83,2008-02-26
2008,2,29,0.19,2008-02-29
2008,3,4,3.09,2008-03-04
2008,3,7,1.52,2008-03-07
2008,3,8,0.13,2008-03-08
2008,3,14,0.07,2008-03-14
2008,3,15,1.27,2008-03-15
2008,3,19,1.62,2008-03-19
2008,3,20,0.06,2008-03-20
2008,3,29,0.14,2008-03-29
2008,4,1,0.17,2008-04-01
2008,4,2,0.03,2008-04-02
2008,4,4,0.7,2008-04-04
2008,4,5,0.71,2008-04-05
2008,4,11,0.22,2008-04-11
2008,4,12,0.13,2008-04-12
2008,4,19,0.69,2008-04-19
2008,4,27,0.26,2008-04-27
2008,4,28,0.5,2008-04-28
2008,5,3,0.1,2008-05-03
2008,5,8,0.46,2008-05-08
2008,5,9,0.32,2008-05-09
2008,5,10,0.06,2008-05-10
2008,5,11,1.08,2008-05-11
2008,5,15,0.8,2008-05-15
2008,5,16,0.07,2008-05-16
2008,5,18,0.24,2008-05-18
2008,5,19,0.12,2008-05-19
2008,5,20,0.82,2008-05-20
2008,5,23,0.14,2008-05-23
2008,5,28,0.31,2008-05-28
2008,6,1,0.33,2008-06-01
2008,6,2,0.08,2008-06-02
2008,6,14,0.31,2008-06-14
2008,6,16,0.24,2008-06-16
2008,6,21,0.18,2008-06-21
2008,6,26,0.04,2008-06-26
2008,6,28,0.61,2008-06-28
2008,6,29,0.36,2008-06-29
2008,6,30,0.19,2008-06-30
2008,7,6,0.4,2008-07-06
2008,7,9,0.71,2008-07-09
2008,7,10,0.12,2008-07-10
2008,7,13,0.17,2008-07-13
2008,7,21,0.55,2008-07-21
2008,7,26,0.1,2008-07-26
2008,7,28,0.55,2008-07-28
2008,7,29,0.28,2008-07-29
2008,7,31,0.38,2008-07-31
2008,8,7,0.21,2008-08-07
2008,8,14,0.07,2008-08-14
2008,8,16,0.41,2008-08-16
2008,8,25,2.65,2008-08-25
2008,8,26,5.01,2008-08-26
2008,8,27,0.18,2008-08-27
2008,9,8,0.08,2008-09-08
2008,9,9,0.03,2008-09-09
2008,9,11,0.2,2008-09-11
2008,9,12,0.19,2008-09-12
2008,9,15,0.09,2008-09-15
2008,9,17,0.03,2008-09-17
2008,10,8,1.73,2008-10-08
2008,10,9,0.06,2008-10-09
2008,10,17,0.01,2008-10-17
2008,10,19,0.02,2008-10-19
2008,10,24,1.49,2008-10-24
2008,10,25,0.12,2008-10-25
2008,10,28,0.02,2008-10-28
2008,11,8,0.09,2008-11-08
2008,11,11,0.01,2008-11-11
2008,11,13,1.18,2008-11-13
2008,11,14,0.35,2008-11-14
2008,11,15,0.45,2008-11-15
2008,11,18,0.01,2008-11-18
2008,11,21,0.01,2008-11-21
2008,11,23,0.01,2008-11-23
2008,11,24,1.01,2008-11-24
2008,11,25,0.01,2008-11-25
2008,11,29,0.31,2008-11-29
2008,11,30,0.46,2008-11-30
2008,12,1,0.18,2008-12-01
2008,12,2,0.02,2008-12-02
2008,12,4,0.11,2008-12-04
2008,12,9,0.65,2008-12-09
2008,12,10,2.37,2008-12-10
2008,12,11,2.19,2008-12-11
2008,12,15,0.22,2008-12-15
2008,12,16,0.12,2008-12-16
2008,12,17,0.57,2008-12-17
2008,12,18,0.06,2008-12-18
2008,12,20,0.31,2008-12-20
2008,12,21,0.42,2008-12-21
2008,12,24,0.56,2008-12-24
2008,12,27,0.06,2008-12-27
2008,12,28,0.76,2008-12-28
2008,12,29,0.07,2008-12-29
2009,1,2,0.05,2009-01-02
2009,1,4,0.36,2009-01-04
2009,1,5,0.42,2009-01-05
2009,1,6,4.33,2009-01-06
2009,1,7,0.54,2009-01-07
2009,1,10,0.14,2009-01-10
2009,1,11,0.06,2009-01-11
2009,1,18,0.19,2009-01-18
2009,1,28,0.6,2009-01-28
2009,2,2,0.12,2009-02-02
2009,2,3,0.06,2009-02-03
2009,2,11,0.96,2009-02-11
2009,2,18,1.88,2009-02-18
2009,2,27,0.68,2009-02-27
2009,2,28,0.81,2009-02-28
2009,3,1,0.31,2009-03-01
2009,3,14,1.28,2009-03-14
2009,3,15,0.91,2009-03-15
2009,3,16,0.06,2009-03-16
2009,3,25,1.23,2009-03-25
2009,3,26,0.58,2009-03-26
2009,3,27,1.35,2009-03-27
2009,3,28,0.88,2009-03-28
2009,3,29,0.18,2009-03-29
2009,4,1,0.46,2009-04-01
2009,4,2,0.52,2009-04-02
2009,4,3,0.63,2009-04-03
2009,4,4,0.04,2009-04-04
2009,4,10,2.13,2009-04-10
2009,4,13,0.31,2009-04-13
2009,4,14,0.25,2009-04-14
2009,4,19,1.83,2009-04-19
2009,4,20,0.12,2009-04-20
2009,5,1,0.38,2009-05-01
2009,5,2,0.19,2009-05-02
2009,5,3,1.48,2009-05-03
2009,5,4,0.07,2009-05-04
2009,5,5,0.12,2009-05-05
2009,5,6,1.28,2009-05-06
2009,5,7,0.07,2009-05-07
2009,5,8,0.63,2009-05-08
2009,5,9,0.06,2009-05-09
2009,5,11,0.06,2009-05-11
2009,5,14,0.11,2009-05-14
2009,5,15,1.28,2009-05-15
2009,5,16,1.34,2009-05-16
2009,5,17,0.18,2009-05-17
2009,5,18,0.05,2009-05-18
2009,5,23,0.06,2009-05-23
2009,5,24,0.35,2009-05-24
2009,5,25,0.53,2009-05-25
2009,5,26,1.98,2009-05-26
2009,5,27,0.12,2009-05-27
2009,5,28,0.44,2009-05-28
2009,6,4,0.25,2009-06-04
2009,6,5,0.18,2009-06-05
2009,6,11,0.37,2009-06-11
2009,6,12,0.3,2009-06-12
2009,6,13,0.06,2009-06-13
2009,6,17,0.48,2009-06-17
2009,6,21,0.72,2009-06-21
2009,7,1,0.13,2009-07-01
2009,7,5,0.35,2009-07-05
2009,7,6,0.07,2009-07-06
2009,7,7,3.01,2009-07-07
2009,7,8,0.58,2009-07-08
2009,7,9,0.05,2009-07-09
2009,7,12,0.12,2009-07-12
2009,7,13,0.13,2009-07-13
2009,7,16,0.11,2009-07-16
2009,7,23,0.12,2009-07-23
2009,7,25,0.41,2009-07-25
2009,7,28,0.41,2009-07-28
2009,7,29,0.4,2009-07-29
2009,7,30,0.09,2009-07-30
2009,7,31,0.26,2009-07-31
2009,8,2,0.18,2009-08-02
2009,8,5,0.02,2009-08-05
2009,8,10,0.07,2009-08-10
2009,8,11,0.15,2009-08-11
2009,8,12,0.22,2009-08-12
2009,8,17,0.07,2009-08-17
2009,8,18,0.65,2009-08-18
2009,8,19,0.72,2009-08-19
2009,8,20,0.95,2009-08-20
2009,8,22,0.1,2009-08-22
2009,8,27,0.43,2009-08-27
2009,8,28,0.36,2009-08-28
2009,8,30,0.55,2009-08-30
2009,8,31,0.55,2009-08-31
2009,9,9,0.18,2009-09-09
2009,9,10,0.06,2009-09-10
2009,9,15,0.71,2009-09-15
2009,9,16,1.4,2009-09-16
2009,9,17,0.23,2009-09-17
2009,9,18,0.23,2009-09-18
2009,9,20,4.73,2009-09-20
2009,9,21,5.2,2009-09-21
2009,9,22,0.06,2009-09-22
2009,9,25,0.06,2009-09-25
2009,9,26,1.95,2009-09-26
2009,10,4,0.12,2009-10-04
2009,10,5,1.2,2009-10-05
2009,10,7,0.4,2009-10-07
2009,10,9,0.06,2009-10-09
2009,10,12,1.17,2009-10-12
2009,10,14,0.58,2009-10-14
2009,10,15,0.51,2009-10-15
2009,10,23,2.29,2009-10-23
2009,10,27,2.02,2009-10-27
2009,10,31,1.78,2009-10-31
2009,11,1,0.06,2009-11-01
2009,11,10,3.08,2009-11-10
2009,11,11,1.24,2009-11-11
2009,11,17,1.12,2009-11-17
2009,11,18,1.46,2009-11-18
2009,11,22,0.29,2009-11-22
2009,11,23,0.08,2009-11-23
2009,11,30,0.44,2009-11-30
2009,12,2,2.76,2009-12-02
2009,12,6,0.06,2009-12-06
2009,12,8,1.47,2009-12-08
2009,12,9,1.34,2009-12-09
2009,12,12,0.18,2009-12-12
2009,12,13,0.73,2009-12-13
2009,12,15,0.06,2009-12-15
2009,12,18,2.07,2009-12-18
2009,12,24,0.3,2009-12-24
2009,12,25,2.57,2009-12-25
2009,12,30,0.16,2009-12-30
2009,12,31,0.2,2009-12-31
2010,1,16,0.52,2010-01-16
2010,1,17,1.52,2010-01-17
2010,1,20,0.25,2010-01-20
2010,1,21,0.8,2010-01-21
2010,1,22,0.06,2010-01-22
2010,1,24,3.06,2010-01-24
2010,1,25,0.05,2010-01-25
2010,1,26,0.06,2010-01-26
2010,1,29,0.51,2010-01-29
2010,1,30,0.57,2010-01-30
2010,2,1,0.06,2010-02-01
2010,2,2,0.77,2010-02-02
2010,2,4,0.88,2010-02-04
2010,2,5,2.74,2010-02-05
2010,2,9,0.29,2010-02-09
2010,2,10,0.07,2010-02-10
2010,2,12,0.22,2010-02-12
2010,2,13,0.08,2010-02-13
2010,2,15,0.3,2010-02-15
2010,2,22,0.54,2010-02-22
2010,3,2,0.58,2010-03-02
2010,3,11,0.44,2010-03-11
2010,3,12,0.8,2010-03-12
2010,3,21,1.51,2010-03-21
2010,3,22,0.07,2010-03-22
2010,3,28,0.98,2010-03-28
2010,4,8,1.78,2010-04-08
2010,4,16,0.1,2010-04-16
2010,4,20,0.22,2010-04-20
2010,4,24,1.9,2010-04-24
2010,4,25,0.52,2010-04-25
2010,4,26,0.06,2010-04-26
2010,5,1,0.06,2010-05-01
2010,5,3,2.11,2010-05-03
2010,5,10,0.27,2010-05-10
2010,5,15,0.04,2010-05-15
2010,5,16,0.31,2010-05-16
2010,5,17,0.13,2010-05-17
2010,5,21,0.21,2010-05-21
2010,5,25,0.32,2010-05-25
2010,5,28,0.06,2010-05-28
2010,5,30,0.24,2010-05-30
2010,5,31,1.52,2010-05-31
2010,6,1,0.35,2010-06-01
2010,6,2,0.62,2010-06-02
2010,6,3,0.06,2010-06-03
2010,6,4,0.07,2010-06-04
2010,6,8,0.05,2010-06-08
2010,6,9,0.1,2010-06-09
2010,6,10,0.09,2010-06-10
2010,6,15,0.44,2010-06-15
2010,6,16,0.06,2010-06-16
2010,6,21,0.17,2010-06-21
2010,6,25,1.3,2010-06-25
2010,7,8,0.12,2010-07-08
2010,7,9,0.26,2010-07-09
2010,7,12,0.7,2010-07-12
2010,7,13,0.35,2010-07-13
2010,7,14,0.06,2010-07-14
2010,7,18,0.24,2010-07-18
2010,7,19,0.13,2010-07-19
2010,7,26,0.09,2010-07-26
2010,7,27,0.17,2010-07-27
2010,7,30,0.06,2010-07-30
2010,7,31,0.36,2010-07-31
2010,8,5,0.05,2010-08-05
2010,8,6,0.32,2010-08-06
2010,8,9,0.11,2010-08-09
2010,8,13,0.06,2010-08-13
2010,8,15,0.59,2010-08-15
2010,8,17,0.25,2010-08-17
2010,8,18,0.09,2010-08-18
2010,8,19,0.06,2010-08-19
2010,8,21,1.82,2010-08-21
2010,8,26,0.27,2010-08-26
2010,9,11,1.29,2010-09-11
2010,9,12,0.06,2010-09-12
2010,9,22,0.05,2010-09-22
2010,9,26,1.53,2010-09-26
2010,9,27,1.47,2010-09-27
2010,9,29,0.87,2010-09-29
2010,9,30,0.11,2010-09-30
2010,10,12,0.49,2010-10-12
2010,10,13,0.06,2010-10-13
2010,10,25,1.49,2010-10-25
2010,10,26,1.13,2010-10-26
2010,10,27,1.55,2010-10-27
2010,11,4,0.25,2010-11-04
2010,11,15,0.45,2010-11-15
2010,11,16,0.67,2010-11-16
2010,11,23,0.13,2010-11-23
2010,11,25,0.06,2010-11-25
2010,11,26,0.36,2010-11-26
2010,11,29,1.37,2010-11-29
2010,11,30,4.24,2010-11-30
2010,12,4,0.29,2010-12-04
2010,12,10,0.05,2010-12-10
2010,12,12,0.59,2010-12-12
2010,12,16,1.52,2010-12-16
2010,12,22,0.1,2010-12-22
2010,12,25,0.52,2010-12-25
2010,12,26,0.05,2010-12-26
2011,1,1,1.55,2011-01-01
2011,1,5,0.15,2011-01-05
2011,1,7,0.07,2011-01-07
2011,1,8,0.07,2011-01-08
2011,1,10,0.87,2011-01-10
2011,1,18,0.26,2011-01-18
2011,1,25,0.26,2011-01-25
2011,1,26,0.45,2011-01-26
2011,2,1,1.77,2011-02-01
2011,2,3,0.07,2011-02-03
2011,2,4,1.03,2011-02-04
2011,2,5,0.13,2011-02-05
2011,2,10,0.07,2011-02-10
2011,2,22,0.04,2011-02-22
2011,2,25,0.56,2011-02-25
2011,2,28,1.22,2011-02-28
2011,3,4,0.28,2011-03-04
2011,3,5,1.81,2011-03-05
2011,3,6,2.16,2011-03-06
2011,3,7,0.12,2011-03-07
2011,3,9,2.46,2011-03-09
2011,3,10,0.29,2011-03-10
2011,3,15,1.28,2011-03-15
2011,3,23,0.65,2011-03-23
2011,3,26,2.83,2011-03-26
2011,3,27,0.12,2011-03-27
2011,3,28,0.36,2011-03-28
2011,3,30,0.7,2011-03-30
2011,4,4,1.1,2011-04-04
2011,4,5,0.64,2011-04-05
2011,4,11,0.28,2011-04-11
2011,4,12,0.34,2011-04-12
2011,4,15,2.59,2011-04-15
2011,4,16,1.34,2011-04-16
2011,4,20,0.5,2011-04-20
2011,4,22,0.09,2011-04-22
2011,4,26,0.32,2011-04-26
2011,4,27,2.23,2011-04-27
2011,4,28,0.89,2011-04-28
2011,5,2,0.07,2011-05-02
2011,5,3,0.26,2011-05-03
2011,5,4,0.06,2011-05-04
2011,5,13,0.05,2011-05-13
2011,5,26,2.3,2011-05-26
2011,5,27,0.43,2011-05-27
2011,6,2,0.13,2011-06-02
2011,6,6,0.1,2011-06-06
2011,6,12,0.14,2011-06-12
2011,6,15,1.36,2011-06-15
2011,6,18,0.77,2011-06-18
2011,6,19,0.06,2011-06-19
2011,6,22,0.6,2011-06-22
2011,6,23,1.06,2011-06-23
2011,6,24,0.52,2011-06-24
2011,6,27,0.27,2011-06-27
2011,7,4,0.05,2011-07-04
2011,7,5,0.94,2011-07-05
2011,7,7,0.71,2011-07-07
2011,7,9,0.04,2011-07-09
2011,7,15,0.16,2011-07-15
2011,7,18,0.06,2011-07-18
2011,7,20,0.52,2011-07-20
2011,7,22,0.17,2011-07-22
2011,7,24,0.49,2011-07-24
2011,7,25,0.36,2011-07-25
2011,7,31,0.55,2011-07-31
2011,8,7,0.14,2011-08-07
2011,8,8,0.12,2011-08-08
2011,8,14,0.14,2011-08-14
2011,8,18,0.52,2011-08-18
2011,8,20,0.07,2011-08-20
2011,9,5,4.18,2011-09-05
2011,9,6,1.12,2011-09-06
2011,9,20,0.16,2011-09-20
2011,9,21,0.97,2011-09-21
2011,9,22,0.46,2011-09-22
2011,9,23,0.67,2011-09-23
2011,9,26,0.31,2011-09-26
2011,10,10,0.05,2011-10-10
2011,10,11,0.88,2011-10-11
2011,10,13,0.31,2011-10-13
2011,10,19,0.87,2011-10-19
2011,10,20,0.17,2011-10-20
2011,10,28,0.37,2011-10-28
2011,11,3,1.02,2011-11-03
2011,11,15,0.41,2011-11-15
2011,11,16,0.9,2011-11-16
2011,11,20,0.05,2011-11-20
2011,11,21,0.05,2011-11-21
2011,11,22,0.66,2011-11-22
2011,11,23,0.1,2011-11-23
2011,11,27,0.09,2011-11-27
2011,11,28,6.35,2011-11-28
2011,11,29,0.06,2011-11-29
2011,12,5,0.06,2011-12-05
2011,12,6,1.28,2011-12-06
2011,12,7,0.73,2011-12-07
2011,12,16,0.41,2011-12-16
2011,12,20,0.22,2011-12-20
2011,12,21,1.1,2011-12-21
2011,12,22,3.51,2011-12-22
2011,12,23,0.07,2011-12-23
2011,12,27,0.49,2011-12-27
2012,1,3,0.05,2012-01-03
2012,1,7,0.06,2012-01-07
2012,1,8,0.19,2012-01-08
2012,1,9,0.25,2012-01-09
2012,1,10,0.46,2012-01-10
2012,1,11,1.09,2012-01-11
2012,1,12,0.18,2012-01-12
2012,1,17,1.41,2012-01-17
2012,1,20,0.41,2012-01-20
2012,1,21,0.77,2012-01-21
2012,1,22,0.12,2012-01-22
2012,1,23,0.77,2012-01-23
2012,1,26,0.59,2012-01-26
2012,1,27,0.41,2012-01-27
2012,1,31,0.34,2012-01-31
2012,2,1,0.53,2012-02-01
2012,2,4,0.48,2012-02-04
2012,2,14,0.14,2012-02-14
2012,2,15,0.14,2012-02-15
2012,2,16,0.23,2012-02-16
2012,2,19,0.49,2012-02-19
2012,2,22,0.31,2012-02-22
2012,2,23,0.16,2012-02-23
2012,2,29,0.22,2012-02-29
2012,3,1,0.44,2012-03-01
2012,3,2,0.72,2012-03-02
2012,3,3,0.85,2012-03-03
2012,3,8,0.41,2012-03-08
2012,3,9,0.23,2012-03-09
2012,3,12,0.09,2012-03-12
2012,3,13,0.25,2012-03-13
2012,3,15,0.09,2012-03-15
2012,3,16,0.35,2012-03-16
2012,3,18,0.13,2012-03-18
2012,3,22,0.06,2012-03-22
2012,3,23,1.05,2012-03-23
2012,3,24,0.06,2012-03-24
2012,3,30,0.27,2012-03-30
2012,3,31,0.33,2012-03-31
2012,4,3,0.73,2012-04-03
2012,4,5,0.89,2012-04-05
2012,4,6,0.41,2012-04-06
2012,4,17,0.82,2012-04-17
2012,4,18,1.75,2012-04-18
2012,4,19,0.06,2012-04-19
2012,4,21,0.58,2012-04-21
2012,4,22,0.06,2012-04-22
2012,4,26,1.55,2012-04-26
2012,4,27,0.06,2012-04-27
2012,5,4,0.12,2012-05-04
2012,5,6,2.42,2012-05-06
2012,5,8,0.44,2012-05-08
2012,5,9,0.08,2012-05-09
2012,5,13,1.69,2012-05-13
2012,5,14,0.43,2012-05-14
2012,5,15,0.06,2012-05-15
2012,5,18,0.17,2012-05-18
2012,5,22,0.25,2012-05-22
2012,5,26,0.08,2012-05-26
2012,5,31,0.67,2012-05-31
2012,6,1,0.12,2012-06-01
2012,6,4,0.68,2012-06-04
2012,6,5,0.47,2012-06-05
2012,6,6,0.16,2012-06-06
2012,6,7,0.16,2012-06-07
2012,6,10,0.3,2012-06-10
2012,6,11,0.35,2012-06-11
2012,6,14,0.32,2012-06-14
2012,6,21,0.31,2012-06-21
2012,6,22,0.05,2012-06-22
2012,6,26,0.05,2012-06-26
2012,7,1,0.47,2012-07-01
2012,7,2,0.78,2012-07-02
2012,7,3,0.44,2012-07-03
2012,7,5,0.35,2012-07-05
2012,7,6,0.18,2012-07-06
2012,7,9,0.08,2012-07-09
2012,7,10,0.15,2012-07-10
2012,7,11,0.22,2012-07-11
2012,7,12,0.14,2012-07-12
2012,7,13,1.26,2012-07-13
2012,7,14,2.87,2012-07-14
2012,7,17,0.13,2012-07-17
2012,7,18,0.01,2012-07-18
2012,7,19,0.1,2012-07-19
2012,7,20,0.04,2012-07-20
2012,7,23,0.05,2012-07-23
2012,7,24,0.05,2012-07-24
2012,7,28,0.05,2012-07-28
2012,7,30,0.3,2012-07-30
2012,7,31,2.13,2012-07-31
2012,8,2,0.07,2012-08-02
2012,8,3,0.13,2012-08-03
2012,8,7,0.21,2012-08-07
2012,8,9,1.28,2012-08-09
2012,8,14,0.08,2012-08-14
2012,8,19,0.39,2012-08-19
2012,8,28,0.08,2012-08-28
2012,8,29,0.31,2012-08-29
2012,9,2,1.14,2012-09-02
2012,9,3,0.3,2012-09-03
2012,9,4,0.05,2012-09-04
2012,9,9,0.06,2012-09-09
2012,9,16,0.06,2012-09-16
2012,9,17,1.54,2012-09-17
2012,9,18,2.15,2012-09-18
2012,9,20,0.06,2012-09-20
2012,9,29,0.17,2012-09-29
2012,10,1,4.19,2012-10-01
2012,10,2,1.51,2012-10-02
2012,10,7,0.06,2012-10-07
2012,10,8,0.06,2012-10-08
2012,10,10,0.06,2012-10-10
2012,10,11,0.06,2012-10-11
2012,10,15,0.62,2012-10-15
2012,10,18,0.07,2012-10-18
2012,10,28,0.12,2012-10-28
2012,10,31,0.06,2012-10-31
2012,11,6,0.06,2012-11-06
2012,11,7,0.11,2012-11-07
2012,11,12,0.45,2012-11-12
2012,11,14,0.09,2012-11-14
2012,11,27,0.09,2012-11-27
2012,11,28,0.06,2012-11-28
2012,12,8,0.07,2012-12-08
2012,12,10,0.93,2012-12-10
2012,12,16,1,2012-12-16
2012,12,17,0.47,2012-12-17
2012,12,20,1.53,2012-12-20
2012,12,24,0.96,2012-12-24
2012,12,25,0.18,2012-12-25
2012,12,26,1.97,2012-12-26
2012,12,28,0.23,2012-12-28
2012,12,29,0.29,2012-12-29
2013,1,1,0.64,2013-01-01
2013,1,2,0.12,2013-01-02
2013,1,11,1.05,2013-01-11
2013,1,12,0.23,2013-01-12
2013,1,13,0.47,2013-01-13
2013,1,14,1.81,2013-01-14
2013,1,15,2.57,2013-01-15
2013,1,16,0.87,2013-01-16
2013,1,17,2.8,2013-01-17
2013,1,25,0.33,2013-01-25
2013,1,29,0.4,2013-01-29
2013,1,30,5.48,2013-01-30
2013,1,31,0.06,2013-01-31
2013,2,2,0.2,2013-02-02
2013,2,7,0.14,2013-02-07
2013,2,10,1.41,2013-02-10
2013,2,11,0.47,2013-02-11
2013,2,12,0.12,2013-02-12
2013,2,13,0.12,2013-02-13
2013,2,19,0.36,2013-02-19
2013,2,21,0.52,2013-02-21
2013,2,22,0.75,2013-02-22
2013,2,23,0.37,2013-02-23
2013,2,26,2.2,2013-02-26
2013,3,5,0.94,2013-03-05
2013,3,6,0.12,2013-03-06
2013,3,11,1.53,2013-03-11
2013,3,12,0.05,2013-03-12
2013,3,18,0.85,2013-03-18
2013,3,23,0.06,2013-03-23
2013,3,24,1.37,2013-03-24
2013,3,26,0.07,2013-03-26
2013,3,30,0.13,2013-03-30
2013,3,31,0.78,2013-03-31
2013,4,4,0.65,2013-04-04
2013,4,11,1.89,2013-04-11
2013,4,12,0.73,2013-04-12
2013,4,14,0.07,2013-04-14
2013,4,15,0.13,2013-04-15
2013,4,17,0.84,2013-04-17
2013,4,18,0.07,2013-04-18
2013,4,19,1.49,2013-04-19
2013,4,24,0.06,2013-04-24
2013,4,27,0.37,2013-04-27
2013,4,28,2.36,2013-04-28
2013,4,29,0.06,2013-04-29
2013,5,4,0.83,2013-05-04
2013,5,5,1.24,2013-05-05
2013,5,6,0.3,2013-05-06
2013,5,8,0.06,2013-05-08
2013,5,9,0.06,2013-05-09
2013,5,10,0.07,2013-05-10
2013,5,11,0.21,2013-05-11
2013,5,18,0.28,2013-05-18
2013,5,19,0.42,2013-05-19
2013,5,21,0.63,2013-05-21
2013,5,22,0.41,2013-05-22
2013,5,23,0.11,2013-05-23
2013,6,1,0.06,2013-06-01
2013,6,2,0.69,2013-06-02
2013,6,3,0.06,2013-06-03
2013,6,5,1.54,2013-06-05
2013,6,6,0.06,2013-06-06
2013,6,7,0.18,2013-06-07
2013,6,9,1.1,2013-06-09
2013,6,10,0.85,2013-06-10
2013,6,11,0.31,2013-06-11
2013,6,13,1.04,2013-06-13
2013,6,17,0.1,2013-06-17
2013,6,18,0.21,2013-06-18
2013,6,23,0.29,2013-06-23
2013,6,24,0.08,2013-06-24
2013,6,25,0.06,2013-06-25
2013,6,26,0.17,2013-06-26
2013,6,27,1.14,2013-06-27
2013,7,1,0.46,2013-07-01
2013,7,2,2.85,2013-07-02
2013,7,3,2.79,2013-07-03
2013,7,4,2.26,2013-07-04
2013,7,5,1.8,2013-07-05
2013,7,6,2.14,2013-07-06
2013,7,7,0.12,2013-07-07
2013,7,8,0.68,2013-07-08
2013,7,9,0.29,2013-07-09
2013,7,10,0.86,2013-07-10
2013,7,11,0.05,2013-07-11
2013,7,14,0.97,2013-07-14
2013,7,17,0.15,2013-07-17
2013,7,19,0.24,2013-07-19
2013,7,20,0.48,2013-07-20
2013,7,22,0.06,2013-07-22
2013,7,26,0.3,2013-07-26
2013,7,27,0.06,2013-07-27
2013,7,28,0.06,2013-07-28
2013,7,31,0.23,2013-07-31
2013,8,1,0.07,2013-08-01
2013,8,7,0.53,2013-08-07
2013,8,8,0.15,2013-08-08
2013,8,13,0.5,2013-08-13
2013,8,17,0.13,2013-08-17
2013,8,18,0.19,2013-08-18
2013,8,19,0.88,2013-08-19
2013,8,21,0.39,2013-08-21
2013,8,31,0.22,2013-08-31
2013,9,1,0.14,2013-09-01
2013,9,2,0.07,2013-09-02
2013,9,3,0.29,2013-09-03
2013,9,20,0.12,2013-09-20
2013,9,21,1.26,2013-09-21
2013,9,22,0.05,2013-09-22
2013,9,24,0.05,2013-09-24
2013,9,25,1.5,2013-09-25
2013,9,30,0.22,2013-09-30
2013,10,3,0.01,2013-10-03
2013,10,4,0,2013-10-04
2013,10,5,0.01,2013-10-05
2013,10,6,0.54,2013-10-06
2013,10,7,0.87,2013-10-07
2013,10,8,0,2013-10-08
2013,10,17,0.3,2013-10-17
2013,10,18,0,2013-10-18
2013,10,27,0.01,2013-10-27
2013,10,28,0.06,2013-10-28
2013,10,31,0.24,2013-10-31
2013,11,1,0.53,2013-11-01
2013,11,2,0.02,2013-11-02
2013,11,3,0.01,2013-11-03
2013,11,4,0,2013-11-04
2013,11,5,0,2013-11-05
2013,11,6,0.09,2013-11-06
2013,11,7,0.15,2013-11-07
2013,11,15,0.48,2013-11-15
2013,11,16,0.02,2013-11-16
2013,11,17,0.49,2013-11-17
2013,11,18,0.11,2013-11-18
2013,11,20,0.01,2013-11-20
2013,11,21,0.08,2013-11-21
2013,11,22,0.13,2013-11-22
2013,11,23,0.02,2013-11-23
2013,11,24,0.01,2013-11-24
2013,11,25,0.05,2013-11-25
2013,11,26,3.9,2013-11-26
2013,11,27,0.21,2013-11-27
2013,11,28,0.01,2013-11-28
2013,11,29,0.01,2013-11-29
2013,11,30,0,2013-11-30
2013,12,1,0,2013-12-01
2013,12,2,0,2013-12-02
2013,12,3,0.02,2013-12-03
2013,12,4,0.01,2013-12-04
2013,12,5,0.56,2013-12-05
2013,12,6,1.11,2013-12-06
2013,12,8,0.78,2013-12-08
2013,12,9,1.45,2013-12-09
2013,12,10,0.37,2013-12-10
2013,12,14,0.69,2013-12-14
2013,12,15,0.03,2013-12-15
2013,12,17,0.01,2013-12-17
2013,12,18,0.01,2013-12-18
2013,12,19,0.01,2013-12-19
2013,12,20,0,2013-12-20
2013,12,21,0.69,2013-12-21
2013,12,22,4.37,2013-12-22
2013,12,23,0.02,2013-12-23
2013,12,25,0,2013-12-25
2013,12,26,0,2013-12-26
2013,12,27,0,2013-12-27
2013,12,28,0.6,2013-12-28
2013,12,29,0.48,2013-12-29
2014,1,2,0.44,2014-01-02
2014,1,5,0.14,2014-01-05
2014,1,6,0.14,2014-01-06
2014,1,9,0.03,2014-01-09
2014,1,10,0.73,2014-01-10
2014,1,11,2.06,2014-01-11
2014,1,13,0.24,2014-01-13
2014,1,14,0.27,2014-01-14
2014,1,21,0.04,2014-01-21
2014,1,24,0.02,2014-01-24
2014,1,28,0.19,2014-01-28
2014,2,1,0,2014-02-01
2014,2,2,0.42,2014-02-02
2014,2,3,1.06,2014-02-03
2014,2,4,0.13,2014-02-04
2014,2,5,0.36,2014-02-05
2014,2,6,0.01,2014-02-06
2014,2,10,0.04,2014-02-10
2014,2,11,0.08,2014-02-11
2014,2,12,1.19,2014-02-12
2014,2,13,0.05,2014-02-13
2014,2,14,0.03,2014-02-14
2014,2,15,0.13,2014-02-15
2014,2,17,0.05,2014-02-17
2014,2,18,0.16,2014-02-18
2014,2,19,0.49,2014-02-19
2014,2,20,0,2014-02-20
2014,2,21,0.95,2014-02-21
2014,3,3,0.32,2014-03-03
2014,3,6,0.1,2014-03-06
2014,3,7,0.23,2014-03-07
2014,3,12,0.29,2014-03-12
2014,3,16,0.91,2014-03-16
2014,3,17,0.48,2014-03-17
2014,3,23,0.15,2014-03-23
2014,3,25,0.07,2014-03-25
2014,3,28,0.18,2014-03-28
2014,3,29,0.5,2014-03-29
2014,4,6,0.05,2014-04-06
2014,4,7,3.12,2014-04-07
2014,4,14,0.41,2014-04-14
2014,4,15,0.39,2014-04-15
2014,4,18,0.54,2014-04-18
2014,4,19,0.17,2014-04-19
2014,4,22,0.08,2014-04-22
2014,4,28,0.07,2014-04-28
2014,4,29,1.92,2014-04-29
2014,4,30,0.06,2014-04-30
2014,5,9,0.43,2014-05-09
2014,5,10,0.09,2014-05-10
2014,5,14,1.31,2014-05-14
2014,5,15,0.65,2014-05-15
2014,5,16,0.06,2014-05-16
2014,5,18,0.31,2014-05-18
2014,5,25,0.06,2014-05-25
2014,5,27,0.18,2014-05-27
2014,5,29,0.48,2014-05-29
2014,5,30,0.02,2014-05-30
2014,6,5,0.05,2014-06-05
2014,6,8,0.27,2014-06-08
2014,6,10,0.48,2014-06-10
2014,6,11,0.56,2014-06-11
2014,6,12,0.23,2014-06-12
2014,6,13,0.14,2014-06-13
2014,6,16,0.32,2014-06-16
2014,6,18,1.01,2014-06-18
2014,6,19,0.55,2014-06-19
2014,6,22,0.2,2014-06-22
2014,6,23,0.05,2014-06-23
2014,6,24,0.05,2014-06-24
2014,6,25,0.09,2014-06-25
2014,6,28,0.17,2014-06-28
2014,6,29,0.52,2014-06-29
2014,6,30,0.59,2014-06-30
2014,7,8,0.15,2014-07-08
2014,7,9,0.95,2014-07-09
2014,7,10,0.27,2014-07-10
2014,7,14,0.15,2014-07-14
2014,7,15,0.12,2014-07-15
2014,7,18,0.96,2014-07-18
2014,7,19,1.67,2014-07-19
2014,7,21,0.65,2014-07-21
2014,7,23,0.48,2014-07-23
2014,7,24,0.29,2014-07-24
2014,7,28,0.42,2014-07-28
2014,8,2,0.12,2014-08-02
2014,8,4,0.12,2014-08-04
2014,8,8,1.89,2014-08-08
2014,8,10,0.1,2014-08-10
2014,8,18,0.55,2014-08-18
2014,8,20,0.08,2014-08-20
2014,8,21,0.17,2014-08-21
2014,8,30,0.62,2014-08-30
2014,8,31,0.52,2014-08-31
2014,9,3,0.96,2014-09-03
2014,9,4,0.01,2014-09-04
2014,9,7,1.67,2014-09-07
2014,9,8,0.4,2014-09-08
2014,9,11,0.37,2014-09-11
2014,9,13,0.04,2014-09-13
2014,9,15,0.02,2014-09-15
2014,9,16,0.04,2014-09-16
2014,9,21,0.08,2014-09-21
2014,9,29,0.28,2014-09-29
2014,10,3,1.34,2014-10-03
2014,10,4,0,2014-10-04
2014,10,6,0.25,2014-10-06
2014,10,7,0.88,2014-10-07
2014,10,8,0.29,2014-10-08
2014,10,9,0.05,2014-10-09
2014,10,11,0.02,2014-10-11
2014,10,12,0.5,2014-10-12
2014,10,13,0.17,2014-10-13
2014,10,14,7.35,2014-10-14
2014,10,15,0.04,2014-10-15
2014,10,30,0.01,2014-10-30
2014,11,6,0.21,2014-11-06
2014,11,16,0.33,2014-11-16
2014,11,17,1.72,2014-11-17
2014,11,23,2.28,2014-11-23
2014,11,26,0.17,2014-11-26
2014,11,27,0.02,2014-11-27
2014,12,6,0.59,2014-12-06
2014,12,15,0.03,2014-12-15
2014,12,16,0.28,2014-12-16
2014,12,22,0.2,2014-12-22
2014,12,23,1.76,2014-12-23
2014,12,24,0.7,2014-12-24
2014,12,28,0.14,2014-12-28
2014,12,29,0.45,2014-12-29
