"Date","meanSoil","meanPrecip"
2000-05-23,0.268333333333333,0.11
2000-05-24,0.27,0.03
2000-05-25,0.27,0.15
2000-05-27,0.266666666666667,0.45
2000-05-28,0.285833333333333,0.06
2000-06-04,0.25,0.06
2000-06-05,0.305416666666667,1.18
2000-06-13,0.2475,0.1
2000-06-14,0.2775,0.09
2000-06-15,0.281666666666667,0.19
2000-06-16,0.279583333333333,0.35
2000-06-17,0.310833333333333,0.03
2000-06-18,0.29375,0.06
2000-06-19,0.305833333333333,0.32
2000-06-20,0.295416666666667,0.08
2000-06-21,0.293333333333333,0.05
2000-06-22,0.284583333333333,0.35
2000-06-25,0.26875,0.01
2000-06-27,0.26,0.11
2000-06-28,0.26,0.24
2000-07-06,0.245,0.12
2000-07-11,0.215833333333333,0.38
2000-07-12,0.236666666666667,0.21
2000-07-19,0.18875,0.17
2000-07-24,0.182083333333333,0.36
2000-07-26,0.187916666666667,0.28
2000-07-27,0.202083333333333,0.09
2000-07-28,0.217916666666667,0.59
2000-07-30,0.25625,0.93
2000-07-31,0.3275,0.12
2000-08-01,0.3075,0.42
2000-08-02,0.353333333333333,0.65
2000-08-03,0.334583333333333,0.05
2000-08-04,0.313333333333333,0.28
2000-08-10,0.235833333333333,0.06
2000-08-11,0.262083333333333,0.15
2000-08-18,0.195,0.03
2000-08-20,0.19375,0.31
2000-08-27,0.175833333333333,0.12
2000-08-30,0.164166666666667,0.03
2000-08-31,0.16,0.04
2000-09-01,0.164166666666667,0.35
2000-09-02,0.184166666666667,0.18
2000-09-06,0.18125,0.08
2000-09-07,0.1975,0.04
2000-09-08,0.20625,0.05
2000-11-04,0.201666666666667,0.11
2000-11-06,0.205,0.02
2000-11-07,0.230833333333333,0.33
2000-11-08,0.252083333333333,0.25
2000-11-09,0.37625,5.54
2000-11-16,0.297083333333333,0.5
2000-11-17,0.342916666666667,0.07
2000-11-19,0.307083333333333,0.39
2000-11-24,0.341666666666667,0.48
2000-11-25,0.396666666666667,1.31
2000-12-02,0.29875,0.03
2000-12-03,0.294583333333333,0.25
2000-12-11,0.331666666666667,0.05
2000-12-12,0.339166666666667,0.05
2000-12-13,0.333333333333333,0.41
2000-12-14,0.375833333333333,0.47
2000-12-15,0.334583333333333,0.03
2000-12-16,0.39625,1.79
2000-12-17,0.372916666666667,0.09
2000-12-19,0.322083333333333,0.21
2000-12-27,0.298333333333333,0.1
2000-12-30,0.299583333333333,0.03
2001-01-07,0.263333333333333,0.04
2001-01-08,0.322083333333333,0.25
2001-01-11,0.278333333333333,0.14
2001-01-12,0.33125,0.48
2001-01-14,0.32375,0.01
2001-01-17,0.34375,0.22
2001-01-18,0.419166666666667,1.2
2001-01-19,0.435833333333333,2.38
2001-01-20,0.39125,0.01
2001-01-29,0.295,0.66
2001-01-30,0.401666666666667,0.57
2001-02-09,0.29,0.07
2001-02-10,0.365833333333333,0.43
2001-02-11,0.335416666666667,0.06
2001-02-12,0.340833333333333,0.24
2001-02-13,0.344583333333333,0.22
2001-02-14,0.3675,0.22
2001-02-15,0.344583333333333,0.18
2001-02-16,0.355,1.22
2001-02-17,0.376666666666667,0.04
2001-02-21,0.31,0.09
2001-02-22,0.365416666666667,0.83
2001-02-24,0.325416666666667,0.16
2001-02-25,0.404583333333333,1.48
2001-03-03,0.31,0.44
2001-03-04,0.36875,0.23
2001-03-12,0.339166666666667,1.32
2001-03-13,0.367916666666667,0.06
2001-03-15,0.3875,1.17
2001-03-20,0.310416666666667,1.31
2001-03-28,0.324166666666667,0.04
2001-03-29,0.3825,1.85
2001-03-30,0.393333333333333,0.1
2001-04-03,0.323333333333333,0.17
2001-04-12,0.28625,0.08
2001-04-13,0.3275,0.54
2001-04-15,0.3275,0.33
2001-04-24,0.28,0.02
2001-04-25,0.28375,0.04
2001-04-30,0.288333333333333,0.84
2001-05-05,0.28,0.06
2001-05-06,0.275833333333333,0.15
2001-05-09,0.279583333333333,0.34
2001-05-11,0.28625,0.18
2001-05-21,0.274583333333333,0.18
2001-05-22,0.287083333333333,0.22
2001-05-24,0.28125,0.68
2001-05-25,0.364166666666667,0.7
2001-05-28,0.32625,0.5
2001-05-29,0.324583333333333,0.05
2001-05-31,0.29375,0.5
2001-06-01,0.38625,0.99
2001-06-03,0.306666666666667,0.04
2001-06-06,0.277916666666667,0.06
2001-06-07,0.275416666666667,0.11
2001-06-08,0.294583333333333,0.43
2001-06-15,0.251666666666667,0.13
2001-06-20,0.231666666666667,0.26
2001-06-22,0.29,0.5
2001-06-25,0.27,0.14
2001-06-26,0.35375,2.71
2001-06-27,0.3375,0.43
2001-06-29,0.315416666666667,1.02
2001-06-30,0.36375,0.45
2001-07-02,0.309166666666667,0.01
2001-07-03,0.314583333333333,0.44
2001-07-04,0.34375,0.21
2001-07-08,0.28375,0.1
2001-07-09,0.275,0.03
2001-07-24,0.229166666666667,0.09
2001-07-25,0.292083333333333,0.43
2001-07-26,0.2925,0.16
2001-07-27,0.295416666666667,0.05
2001-07-29,0.301666666666667,0.5
2001-08-01,0.2925,0.1
2001-08-02,0.28625,0.58
2001-08-03,0.295,0.08
2001-08-04,0.29875,0.26
2001-08-07,0.2775,0.05
2001-08-10,0.26,0.43
2001-08-12,0.310416666666667,1.4
2001-08-13,0.347083333333333,0.93
2001-08-25,0.240416666666667,0.06
2001-08-26,0.24,0.07
2001-08-28,0.23,0.22
2001-08-29,0.23,0.18
2001-08-31,0.234166666666667,0.25
2001-09-01,0.250416666666667,0.41
2001-09-02,0.26625,0.23
2001-09-03,0.314583333333333,0.3
2001-09-04,0.3325,0.55
2001-09-19,0.277083333333333,1.21
2001-09-20,0.365,1.63
2001-09-23,0.29125,1.09
2001-09-24,0.392916666666667,2.17
2001-10-05,0.264166666666667,0.06
2001-10-06,0.298333333333333,0.41
2001-10-11,0.28,0.11
2001-10-12,0.343333333333333,0.48
2001-10-13,0.351666666666667,0.36
2001-10-14,0.37625,1.71
2001-10-24,0.2875,0.06
2001-10-25,0.297916666666667,0.25
2001-11-23,0.285416666666667,1.25
2001-11-24,0.3725,0.82
2001-11-25,0.375416666666667,0.25
2001-11-29,0.30875,0.03
2001-11-30,0.372916666666667,0.71
2001-12-10,0.342916666666667,1.38
2001-12-13,0.345416666666667,0.3
2001-12-14,0.350416666666667,0.42
2001-12-17,0.3475,0.75
2001-12-23,0.34125,0.78
2002-01-02,0.289583333333333,0.05
2002-01-03,0.28,0.05
2002-01-06,0.28,0.86
2002-01-11,0.379166666666667,0.06
2002-01-18,0.319583333333333,0.05
2002-01-19,0.389166666666667,2.45
2002-01-21,0.388333333333333,0.75
2002-01-22,0.3675,0.15
2002-01-23,0.4,1.41
2002-01-24,0.38125,1.19
2002-01-25,0.3925,0.07
2002-01-31,0.313333333333333,0.12
2002-02-01,0.335,0.17
2002-02-03,0.334166666666667,0.05
2002-02-06,0.35875,1.46
2002-02-07,0.426666666666667,0.28
2002-02-10,0.364166666666667,0.04
2002-02-20,0.335833333333333,0.55
2002-02-26,0.320833333333333,0.07
2002-03-02,0.347916666666667,1.65
2002-03-03,0.39875,0.14
2002-03-09,0.346666666666667,0.4
2002-03-12,0.380833333333333,1.16
2002-03-13,0.394583333333333,0.6
2002-03-16,0.336666666666667,0.2
2002-03-17,0.3475,0.46
2002-03-18,0.344583333333333,0.06
2002-03-20,0.33625,0.22
2002-03-21,0.363333333333333,0.38
2002-03-26,0.3425,0.62
2002-03-30,0.37875,1.51
2002-03-31,0.373333333333333,0.33
2002-04-09,0.36,1.36
2002-04-10,0.36,0.12
2002-04-12,0.331666666666667,0.06
2002-04-13,0.350833333333333,0.09
2002-04-14,0.361666666666667,0.33
2002-04-17,0.31875,0.05
2002-04-18,0.319583333333333,0.05
2002-04-24,0.299166666666667,0.08
2002-04-25,0.323333333333333,0.47
2002-04-26,0.323333333333333,0.02
2002-04-28,0.305833333333333,0.09
2002-04-30,0.3,0.07
2002-05-01,0.350416666666667,0.94
2002-05-02,0.33625,0.52
2002-05-03,0.35375,0.42
2002-05-04,0.386666666666667,1.79
2002-05-09,0.30625,0.16
2002-05-10,0.308333333333333,0.17
2002-05-13,0.321666666666667,0.91
2002-05-17,0.303333333333333,0.82
2002-05-18,0.3725,0.8
2002-05-27,0.282083333333333,0.22
2002-05-31,0.270833333333333,0.28
2002-06-03,0.26,0.17
2002-06-04,0.255,0.16
2002-06-05,0.26375,0.2
2002-06-06,0.292083333333333,0.56
2002-06-13,0.234166666666667,0.15
2002-06-14,0.23,0.03
2002-06-20,0.2,0.16
2002-06-23,0.200416666666667,0.09
2002-06-25,0.22875,1.43
2002-06-26,0.297083333333333,0.27
2002-06-27,0.285833333333333,0.08
2002-06-28,0.27625,0.07
2002-06-29,0.277916666666667,0.36
2002-07-01,0.27375,0.21
2002-07-10,0.2,0.02
2002-07-11,0.196666666666667,0.21
2002-07-12,0.233333333333333,0.16
2002-07-13,0.295416666666667,1.05
2002-07-14,0.317083333333333,0.04
2002-07-15,0.299583333333333,0.09
2002-07-22,0.224166666666667,0.03
2002-07-24,0.21875,0.12
2002-07-25,0.231666666666667,0.55
2002-07-26,0.250416666666667,0.02
2002-08-01,0.2,0.03
2002-08-02,0.199166666666667,0.02
2002-08-04,0.185833333333333,0.03
2002-08-15,0.13875,0.59
2002-08-16,0.171666666666667,0.55
2002-08-17,0.192916666666667,0.12
2002-08-18,0.194583333333333,0.16
2002-08-19,0.1925,0.09
2002-08-25,0.20125,1.54
2002-08-26,0.2425,0.99
2002-09-13,0.167916666666667,0.22
2002-09-14,0.214166666666667,1.82
2002-09-15,0.312083333333333,0.94
2002-09-16,0.286666666666667,0.02
2002-09-17,0.27125,0.02
2002-09-18,0.27,0.13
2002-09-20,0.29125,0.45
2002-09-21,0.326666666666667,1.36
2002-09-22,0.32,0.28
2002-09-25,0.322083333333333,2.11
2002-09-26,0.371666666666667,2.68
2002-09-27,0.3675,1.48
2002-09-29,0.302083333333333,0.05
2002-10-04,0.2725,0.06
2002-10-05,0.28625,0.23
2002-10-07,0.28,0.03
2002-10-10,0.293333333333333,0.92
2002-10-11,0.332916666666667,0.33
2002-10-14,0.28625,0.02
2002-10-15,0.3375,2.46
2002-10-16,0.339583333333333,0.01
2002-10-20,0.29,0.06
2002-10-25,0.289166666666667,0.2
2002-10-28,0.321666666666667,0.61
2002-10-29,0.327916666666667,0.32
2002-10-30,0.324583333333333,0.04
2002-11-03,0.294166666666667,0.08
2002-11-04,0.299583333333333,0.04
2002-11-05,0.322083333333333,1.1
2002-11-06,0.337083333333333,0.07
2002-11-09,0.302916666666667,0.2
2002-11-10,0.32625,0.52
2002-11-11,0.355,1.57
2002-11-12,0.341666666666667,0.58
2002-11-15,0.314166666666667,0.82
2002-11-16,0.3575,0.73
2002-11-19,0.32,0.06
2002-11-20,0.31625,0.2
2002-11-21,0.350416666666667,0.57
2002-11-26,0.305,0.08
2002-12-02,0.29,0.05
2002-12-04,0.310833333333333,1.45
2002-12-05,0.399166666666667,0.5
2002-12-10,0.31875,0.77
2002-12-11,0.35875,0.08
2002-12-13,0.3525,1.03
2002-12-19,0.324583333333333,1.49
2002-12-20,0.37125,0.32
2002-12-22,0.32625,0.08
2002-12-23,0.32375,0.01
2002-12-24,0.367083333333333,2.19
2002-12-25,0.361666666666667,0.16
2002-12-31,0.31875,0.89
2003-01-01,0.370416666666667,0.35
2003-01-02,0.34375,0.44
2003-01-03,0.36,0.08
2003-01-09,0.300833333333333,0.05
2003-01-10,0.316666666666667,0.02
2003-01-16,0.27,0.24
2003-01-21,0.293333333333333,0.11
2003-01-29,0.287916666666667,0.84
2003-01-30,0.330833333333333,0.09
2003-02-04,0.37125,0.87
2003-02-06,0.309166666666667,0.75
2003-02-07,0.3,0.16
2003-02-09,0.2925,0.13
2003-02-10,0.2975,0.4
2003-02-14,0.30375,1.56
2003-02-15,0.379583333333333,0.07
2003-02-16,0.385,1.06
2003-02-20,0.32625,0.02
2003-02-21,0.328333333333333,0.23
2003-02-22,0.387083333333333,2.67
2003-02-23,0.35625,0.02
2003-02-25,0.324583333333333,0.11
2003-02-26,0.33875,0.7
2003-02-27,0.355416666666667,0.43
2003-03-05,0.304583333333333,0.55
2003-03-06,0.36125,1.27
2003-03-13,0.290416666666667,0.1
2003-03-14,0.292916666666667,0.1
2003-03-15,0.300416666666667,0.4
2003-03-16,0.323333333333333,0.28
2003-03-17,0.320833333333333,0.28
2003-03-18,0.3325,0.07
2003-03-19,0.349166666666667,0.74
2003-03-20,0.353333333333333,0.69
2003-03-29,0.289166666666667,0.11
2003-03-30,0.29,0.67
2003-04-05,0.330833333333333,0.85
2003-04-06,0.327083333333333,0.42
2003-04-07,0.35,0.81
2003-04-08,0.33125,0.23
2003-04-09,0.337916666666667,0.3
2003-04-10,0.35625,0.9
2003-04-17,0.3075,1.12
2003-04-18,0.346666666666667,0.59
2003-04-21,0.326666666666667,0.47
2003-04-24,0.304583333333333,0.11
2003-04-25,0.302916666666667,0.18
2003-04-26,0.315416666666667,0.13
2003-04-29,0.317083333333333,0.9
2003-04-30,0.333333333333333,0.11
2003-05-01,0.317083333333333,0.07
2003-05-02,0.317083333333333,0.38
2003-05-05,0.3425,2.67
2003-05-06,0.372083333333333,1.44
2003-05-07,0.367083333333333,1.99
2003-05-11,0.305416666666667,0.3
2003-05-15,0.29125,0.23
2003-05-17,0.30375,0.42
2003-05-18,0.327083333333333,0.23
2003-05-21,0.322083333333333,0.95
2003-05-22,0.358333333333333,1.6
2003-05-23,0.327916666666667,0.38
2003-05-25,0.310416666666667,0.07
2003-05-29,0.29,0.03
2003-06-02,0.27,0.03
2003-06-03,0.30875,0.83
2003-06-04,0.32875,0.25
2003-06-06,0.304583333333333,1.11
2003-06-07,0.381666666666667,2.45
2003-06-08,0.334166666666667,0.02
2003-06-11,0.29,0.1
2003-06-12,0.2875,0.15
2003-06-14,0.29,0.34
2003-06-16,0.28,0.22
2003-06-17,0.28,0.06
2003-06-18,0.3175,1.02
2003-06-19,0.322916666666667,0.09
2003-06-27,0.2525,0.29
2003-06-28,0.255833333333333,0.04
2003-06-29,0.259583333333333,0.04
2003-06-30,0.275833333333333,0.32
2003-07-01,0.339166666666667,4.47
2003-07-02,0.374166666666667,0.48
2003-07-05,0.3,0.24
2003-07-06,0.326666666666667,1.61
2003-07-07,0.325833333333333,0.06
2003-07-08,0.305,0.11
2003-07-09,0.294583333333333,0.06
2003-07-10,0.296666666666667,0.33
2003-07-11,0.3025,0.04
2003-07-13,0.285833333333333,0.51
2003-07-14,0.291666666666667,0.48
2003-07-22,0.280416666666667,0.78
2003-07-23,0.295,0.08
2003-07-30,0.25,0.33
2003-07-31,0.27125,0.42
2003-08-03,0.310416666666667,0.47
2003-08-04,0.304583333333333,0.05
2003-08-05,0.308333333333333,0.24
2003-08-06,0.30125,0.13
2003-08-07,0.302916666666667,1.25
2003-08-08,0.302083333333333,0.08
2003-08-09,0.318333333333333,0.15
2003-08-12,0.297083333333333,0.18
2003-08-13,0.322916666666667,0.18
2003-08-14,0.307083333333333,0.02
2003-08-15,0.296666666666667,0.14
2003-08-16,0.295,0.37
2003-08-17,0.315416666666667,0.05
2003-08-21,0.29,0.09
2003-08-22,0.28875,0.1
2003-08-29,0.277083333333333,2.03
2003-08-30,0.340833333333333,0.58
2003-08-31,0.31875,0.15
2003-09-01,0.33375,0.72
2003-09-03,0.3025,0.04
2003-09-04,0.3025,0.32
2003-09-07,0.29,0.04
2003-09-09,0.28875,0.1
2003-09-14,0.27,0.08
2003-09-15,0.283333333333333,0.2
2003-09-21,0.25,0.16
2003-09-22,0.370416666666667,4.43
2003-09-27,0.297083333333333,0.21
2003-10-08,0.28,0.24
2003-10-10,0.28875,0.02
2003-10-11,0.298333333333333,0.11
2003-10-14,0.2925,0.19
2003-10-26,0.330833333333333,1.92
2003-10-27,0.347083333333333,0.05
2003-11-04,0.292916666666667,0.1
2003-11-05,0.356666666666667,1.9
2003-11-06,0.356666666666667,0.48
2003-11-12,0.3,0.02
2003-11-18,0.315416666666667,2.35
2003-11-19,0.414583333333333,2.75
2003-11-24,0.3475,0.88
2003-11-27,0.330833333333333,0.47
2003-11-28,0.385,1.56
2003-12-03,0.33,0.04
2003-12-04,0.3375,1.02
2003-12-10,0.390833333333333,1.66
2003-12-13,0.344166666666667,0.51
2003-12-14,0.38,0.25
2003-12-16,0.347083333333333,0.17
2003-12-17,0.380833333333333,0.43
2003-12-18,0.353333333333333,0.09
2003-12-19,0.34,0.03
2003-12-23,0.331666666666667,0.52
2003-12-24,0.391666666666667,0.15
2003-12-29,0.328333333333333,0.3
2003-12-30,0.384583333333333,0.34
2004-01-05,0.355,0.89
2004-01-08,0.328333333333333,0.02
2004-01-09,0.32,0.08
2004-01-17,0.3075,0.35
2004-01-18,0.356666666666667,0.48
2004-01-25,0.3,1.47
2004-02-02,0.315,1.55
2004-02-03,0.37125,0.15
2004-02-05,0.34375,0.45
2004-02-06,0.409583333333333,1.9
2004-02-10,0.320833333333333,0.02
2004-02-11,0.324166666666667,0.02
2004-02-12,0.349166666666667,0.73
2004-02-15,0.354166666666667,0.32
2004-02-20,0.326666666666667,0.05
2004-02-21,0.365833333333333,0.09
2004-02-26,0.352916666666667,0.33
2004-03-02,0.377083333333333,0.63
2004-03-05,0.33,0.08
2004-03-06,0.365416666666667,0.67
2004-03-07,0.3525,0.06
2004-03-09,0.339583333333333,0.2
2004-03-14,0.324166666666667,0.26
2004-03-15,0.33125,0.27
2004-03-16,0.35625,0.26
2004-03-18,0.335416666666667,0.04
2004-03-20,0.326666666666667,0.3
2004-03-30,0.320833333333333,0.43
2004-03-31,0.3325,0.16
2004-04-01,0.337916666666667,0.06
2004-04-11,0.29,0.02
2004-04-12,0.31,0.59
2004-04-13,0.382916666666667,1.71
2004-04-14,0.359583333333333,0.05
2004-04-25,0.287916666666667,1.04
2004-04-26,0.347916666666667,0.61
2004-04-30,0.313333333333333,0.07
2004-05-01,0.32,0.09
2004-05-02,0.369583333333333,1.04
2004-05-08,0.303333333333333,0.08
2004-05-09,0.339583333333333,1
2004-05-12,0.326666666666667,0.5
2004-05-13,0.358333333333333,0.13
2004-05-16,0.323333333333333,0.57
2004-05-18,0.325416666666667,0.69
2004-05-19,0.328333333333333,0.03
2004-05-22,0.307083333333333,0.08
2004-05-30,0.32625,0.56
2004-05-31,0.352083333333333,1.2
2004-06-01,0.330833333333333,0.01
2004-06-03,0.302916666666667,0.06
2004-06-08,0.28625,0.46
2004-06-10,0.291666666666667,0.12
2004-06-12,0.285,0.52
2004-06-13,0.29875,0.1
2004-06-14,0.31,0.39
2004-06-15,0.34875,1.83
2004-06-21,0.288333333333333,0.19
2004-06-22,0.295,0.06
2004-06-23,0.29,0.22
2004-06-24,0.324166666666667,0.41
2004-06-25,0.35,1.32
2004-06-27,0.33375,0.2
2004-06-28,0.339166666666667,0.28
2004-06-29,0.334166666666667,0.07
2004-06-30,0.33125,0.41
2004-07-01,0.334166666666667,0.11
2004-07-02,0.33125,0.23
2004-07-03,0.335,0.25
2004-07-05,0.3125,0.1
2004-07-07,0.294583333333333,0.03
2004-07-12,0.284583333333333,0.05
2004-07-17,0.295833333333333,0.69
2004-07-19,0.316666666666667,0.1
2004-07-20,0.30375,0.14
2004-07-24,0.28125,0.1
2004-07-25,0.304166666666667,0.5
2004-07-26,0.312916666666667,0.67
2004-07-27,0.335,0.02
2004-07-29,0.32375,0.63
2004-07-30,0.38625,0.86
2004-07-31,0.355833333333333,0.06
2004-08-01,0.334583333333333,0.01
2004-08-02,0.3325,0.71
2004-08-05,0.3,0.28
2004-08-12,0.285416666666667,0.48
2004-08-17,0.28,0.03
2004-08-20,0.275416666666667,0.79
2004-08-21,0.330833333333333,0.05
2004-08-23,0.320833333333333,0.1
2004-08-24,0.335416666666667,0.03
2004-08-27,0.335,0.62
2004-08-29,0.33625,0.6
2004-09-01,0.314166666666667,0.14
2004-09-02,0.325416666666667,0.03
2004-09-06,0.303333333333333,0.06
2004-09-07,0.4075,4.88
2004-09-08,0.4275,1.13
2004-09-16,0.378333333333333,1.97
2004-09-17,0.46,5.19
2004-09-19,0.348333333333333,0.05
2004-09-20,0.335,0.21
2004-09-27,0.31375,1.82
2004-09-28,0.3775,0.3
2004-10-02,0.319166666666667,0.03
2004-10-12,0.295,0.38
2004-10-13,0.32,0.04
2004-10-14,0.32,0.06
2004-10-19,0.32125,0.61
2004-10-24,0.3225,0.07
2004-10-28,0.31,0.11
2004-11-02,0.32875,1.37
2004-11-03,0.38875,1.25
2004-11-04,0.401666666666667,1.16
2004-11-11,0.3375,0.32
2004-11-12,0.407083333333333,1.9
2004-11-21,0.33,0.06
2004-11-22,0.325,0.06
2004-11-23,0.3425,0.4
2004-11-24,0.41875,2.21
2004-11-25,0.40625,0.16
2004-11-27,0.382083333333333,0.44
2004-11-30,0.365833333333333,0.69
2004-12-01,0.415,0.62
2004-12-05,0.364583333333333,0.05
2004-12-06,0.40125,1.87
2004-12-07,0.408333333333333,0.55
2004-12-09,0.40875,1.69
2004-12-10,0.3975,0.1
2004-12-19,0.355416666666667,0.04
2004-12-22,0.34,0.65
2004-12-23,0.461666666666667,1.91
2005-01-06,0.332916666666667,0.05
2005-01-07,0.337916666666667,0.03
2005-01-08,0.36125,0.39
2005-01-13,0.369166666666667,2.14
2005-01-14,0.418333333333333,0.06
2005-01-22,0.339166666666667,0.03
2005-01-29,0.325833333333333,1.05
2005-02-02,0.37625,0.57
2005-02-03,0.40125,0.32
2005-02-09,0.390416666666667,0.08
2005-02-13,0.350416666666667,0.38
2005-02-14,0.392083333333333,0.6
2005-02-16,0.383333333333333,0.09
2005-02-20,0.362916666666667,0.66
2005-02-21,0.433333333333333,1.5
2005-02-24,0.397916666666667,0.62
2005-02-27,0.37375,0.41
2005-02-28,0.395,0.4
2005-03-05,0.3825,0.06
2005-03-07,0.394166666666667,1
2005-03-08,0.439583333333333,0.46
2005-03-13,0.36,0.18
2005-03-14,0.37375,0.08
2005-03-16,0.394166666666667,0.4
2005-03-17,0.395,0.26
2005-03-22,0.37875,0.94
2005-03-23,0.415,0.57
2005-03-27,0.36875,1.56
2005-03-28,0.422916666666667,0.73
2005-03-31,0.38875,0.66
2005-04-01,0.388333333333333,0.48
2005-04-02,0.420833333333333,0.62
2005-04-07,0.401666666666667,1.59
2005-04-08,0.399583333333333,0.08
2005-04-12,0.349583333333333,0.66
2005-04-13,0.401666666666667,0.79
2005-04-14,0.400833333333333,0.05
2005-04-22,0.359583333333333,0.85
2005-04-23,0.402916666666667,0.16
2005-04-26,0.370416666666667,0.36
2005-04-27,0.385416666666667,0.06
2005-04-30,0.3925,0.58
2005-05-05,0.34625,0.02
2005-05-10,0.325,0.65
2005-05-14,0.27875,0.22
2005-05-15,0.311666666666667,0.38
2005-05-19,0.293333333333333,0.02
2005-05-20,0.384583333333333,2.71
2005-05-29,0.27,0.1
2005-05-30,0.27,0.09
2005-06-01,0.3075,2.59
2005-06-02,0.348333333333333,0.42
2005-06-03,0.330833333333333,0.29
2005-06-06,0.295,0.28
2005-06-07,0.31125,2.72
2005-06-08,0.340833333333333,0.06
2005-06-09,0.325833333333333,0.24
2005-06-10,0.329583333333333,0.56
2005-06-11,0.341666666666667,0.06
2005-06-12,0.391666666666667,3.09
2005-06-13,0.363333333333333,0.06
2005-06-18,0.303333333333333,1.33
2005-06-19,0.31875,0.12
2005-06-20,0.32,0.2
2005-06-26,0.28,0.47
2005-06-27,0.299583333333333,0.48
2005-06-28,0.32375,0.43
2005-06-29,0.333333333333333,0.42
2005-07-01,0.311666666666667,0.72
2005-07-03,0.31,0.2
2005-07-04,0.320833333333333,0.71
2005-07-06,0.32,0.05
2005-07-07,0.365,2.89
2005-07-09,0.32875,1.6
2005-07-10,0.342916666666667,0.06
2005-07-11,0.38125,3.55
2005-07-12,0.37625,0.41
2005-07-13,0.347083333333333,0.18
2005-07-14,0.335,0.13
2005-07-15,0.325416666666667,0.14
2005-07-19,0.3,0.36
2005-07-20,0.29875,0.02
2005-07-29,0.275,1.3
2005-07-31,0.3025,1.36
2005-08-05,0.28,0.29
2005-08-07,0.31375,1.46
2005-08-08,0.34125,0.3
2005-08-09,0.331666666666667,0.09
2005-08-12,0.315416666666667,0.07
2005-08-13,0.340833333333333,0.86
2005-08-16,0.319583333333333,0.05
2005-08-17,0.330833333333333,0.93
2005-08-18,0.325833333333333,0.36
2005-08-19,0.32375,0.46
2005-08-22,0.32,0.91
2005-08-23,0.33625,0.22
2005-08-29,0.307916666666667,0.73
2005-08-30,0.39,2.94
2005-09-16,0.253333333333333,0.54
2005-09-26,0.262916666666667,0.51
2005-09-28,0.260416666666667,0.12
2005-09-29,0.26625,0.12
2005-10-06,0.310416666666667,0.88
2005-10-07,0.337916666666667,1.63
2005-11-06,0.25,0.08
2005-11-10,0.25375,0.04
2005-11-13,0.25,0.08
2005-11-15,0.25125,0.28
2005-11-16,0.3425,1.96
2005-11-20,0.303333333333333,0.02
2005-11-21,0.3275,2.49
2005-11-27,0.315833333333333,0.12
2005-11-28,0.342916666666667,0.76
2005-11-29,0.371666666666667,1.53
2005-12-03,0.32125,0.18
2005-12-04,0.342083333333333,1.05
2005-12-05,0.355416666666667,0.76
2005-12-08,0.326666666666667,0.8
2005-12-09,0.36625,0.13
2005-12-14,0.32,0.05
2005-12-15,0.329166666666667,2.09
2005-12-24,0.304583333333333,0.34
2005-12-25,0.330416666666667,0.49
2005-12-28,0.345,0.45
2006-01-02,0.354583333333333,1.14
2006-01-11,0.33625,0.67
2006-01-13,0.345833333333333,0.88
2006-01-16,0.337916666666667,0.24
2006-01-17,0.369583333333333,3.25
2006-01-18,0.38875,0.06
2006-01-21,0.352916666666667,0.68
2006-01-22,0.3425,0.29
2006-01-23,0.35,0.26
2006-01-29,0.332916666666667,0.5
2006-01-30,0.3425,0.34
2006-02-02,0.336666666666667,0.07
2006-02-03,0.33,0.02
2006-02-04,0.355416666666667,0.97
2006-02-06,0.341666666666667,0.08
2006-02-08,0.325,0.06
2006-02-09,0.32,0.01
2006-02-11,0.31,0.58
2006-02-18,0.3575,0.26
2006-02-22,0.335833333333333,0.39
2006-02-23,0.355416666666667,0.08
2006-03-09,0.285,0.68
2006-03-10,0.316666666666667,0.27
2006-03-14,0.327916666666667,0.3
2006-03-16,0.324583333333333,0.02
2006-03-20,0.308333333333333,1.05
2006-03-21,0.350833333333333,0.17
2006-03-23,0.339166666666667,0.04
2006-03-31,0.294166666666667,0.21
2006-04-01,0.32375,0.57
2006-04-02,0.32375,0.26
2006-04-03,0.335,0.76
2006-04-08,0.299166666666667,0.43
2006-04-19,0.282083333333333,0.28
2006-04-20,0.285416666666667,0.44
2006-04-21,0.31,0.38
2006-04-22,0.335,1.26
2006-04-26,0.290833333333333,0.28
2006-04-29,0.29,0.12
2006-04-30,0.29,0.04
2006-05-01,0.288333333333333,0.1
2006-05-02,0.284166666666667,0.06
2006-05-04,0.28,0.05
2006-05-05,0.28,0.15
2006-05-07,0.281666666666667,0.38
2006-05-11,0.29,0.14
2006-05-12,0.29,0.06
2006-05-13,0.292916666666667,0.15
2006-05-15,0.29,0.01
2006-05-17,0.28375,0.01
2006-05-18,0.28,0.1
2006-05-20,0.279166666666667,0.55
2006-05-21,0.281666666666667,0.07
2006-05-22,0.29,0.2
2006-05-26,0.270833333333333,0.08
2006-05-29,0.26,0.1
2006-05-31,0.254583333333333,0.11
2006-06-02,0.25375,0.35
2006-06-04,0.26,0.44
2006-06-12,0.225416666666667,0.05
2006-06-13,0.220833333333333,0.06
2006-06-22,0.20125,0.14
2006-06-23,0.22875,0.29
2006-06-24,0.225833333333333,0.12
2006-06-25,0.249166666666667,1.13
2006-06-26,0.290833333333333,2.39
2006-07-04,0.244583333333333,0.13
2006-07-05,0.24,0.58
2006-07-06,0.245,0.23
2006-07-10,0.23,0.05
2006-07-11,0.228333333333333,0.01
2006-07-12,0.224166666666667,0.01
2006-07-14,0.225,0.71
2006-07-20,0.200833333333333,0.13
2006-07-21,0.204166666666667,0.02
2006-07-22,0.204583333333333,0.17
2006-07-24,0.207916666666667,0.32
2006-07-29,0.2,0.2
2006-08-09,0.16,0.04
2006-08-10,0.156666666666667,0.03
2006-08-11,0.16,0.06
2006-08-12,0.181666666666667,0.33
2006-08-15,0.17,0.48
2006-08-19,0.167083333333333,0.37
2006-08-20,0.19,0.09
2006-08-23,0.17,0.02
2006-08-28,0.152083333333333,0.2
2006-08-29,0.153333333333333,0.04
2006-08-30,0.14625,0.05
2006-08-31,0.254583333333333,2.55
2006-09-01,0.272916666666667,1.04
2006-09-04,0.280833333333333,1.27
2006-09-05,0.298333333333333,0.96
2006-09-07,0.269583333333333,0.05
2006-09-10,0.255416666666667,0.02
2006-09-12,0.25,0.06
2006-09-13,0.290833333333333,0.87
2006-09-18,0.267916666666667,0.77
2006-09-19,0.285833333333333,0.07
2006-09-22,0.262916666666667,0.2
2006-09-23,0.27,0.3
2006-09-24,0.291666666666667,1.05
2006-09-28,0.269583333333333,0.11
2006-10-01,0.26,0.05
2006-10-05,0.245,0.13
2006-10-06,0.24875,0.02
2006-10-11,0.24,0.02
2006-10-12,0.24,0.02
2006-10-16,0.24625,0.83
2006-10-17,0.342916666666667,2.96
2006-10-18,0.297083333333333,0.03
2006-10-19,0.2925,0.89
2006-10-22,0.286666666666667,0.12
2006-10-27,0.36375,1.8
2006-11-01,0.331666666666667,0.14
2006-11-07,0.36375,1.28
2006-11-11,0.335833333333333,0.03
2006-11-15,0.37375,2.98
2006-11-16,0.40625,0.61
2006-11-29,0.315833333333333,0.29
2006-11-30,0.392916666666667,1.3
2006-12-01,0.405833333333333,1.44
2006-12-13,0.333333333333333,0.23
2006-12-21,0.31125,0.06
2006-12-22,0.382083333333333,1.68
2006-12-25,0.3875,0.88
2006-12-26,0.393333333333333,0.3
2006-12-30,0.3575,0.17
2006-12-31,0.406666666666667,3.48
2007-01-01,0.414166666666667,0.02
2007-01-04,0.352916666666667,0.08
2007-01-05,0.384583333333333,0.92
2007-01-07,0.389166666666667,1.76
2007-01-08,0.405416666666667,0.15
2007-01-09,0.379583333333333,0.03
2007-01-15,0.342916666666667,0.03
2007-01-18,0.36,0.2
2007-01-21,0.375416666666667,1.37
2007-02-01,0.294166666666667,0.64
2007-02-03,0.299583333333333,0.04
2007-02-13,0.3025,0.4
2007-02-14,0.339583333333333,0.13
2007-02-18,0.294583333333333,0.03
2007-02-20,0.28,0.33
2007-02-21,0.2925,0.05
2007-02-25,0.364583333333333,0.91
2007-03-01,0.378333333333333,2.84
2007-03-02,0.3875,0.02
2007-03-14,0.29,0.01
2007-03-15,0.29125,0.72
2007-03-16,0.359166666666667,1.17
2007-03-29,0.286666666666667,0.21
2007-04-01,0.32125,1.36
2007-04-02,0.335416666666667,0.06
2007-04-04,0.335833333333333,0.62
2007-04-11,0.302083333333333,0.31
2007-04-14,0.308333333333333,0.73
2007-04-15,0.370833333333333,0.82
2007-04-26,0.296666666666667,0.39
2007-05-03,0.283333333333333,0.08
2007-05-04,0.28,0.04
2007-05-05,0.30875,0.6
2007-05-12,0.289583333333333,0.08
2007-06-01,0.277083333333333,1.57
2007-06-03,0.285833333333333,0.07
2007-06-04,0.279166666666667,0.01
2007-06-11,0.244166666666667,0.1
2007-06-12,0.2625,0.78
2007-06-13,0.270416666666667,0.02
2007-06-14,0.289583333333333,0.64
2007-06-15,0.32,0.4
2007-06-18,0.285,1.34
2007-06-19,0.29875,0.72
2007-06-20,0.3175,0.01
2007-06-25,0.27625,0.32
2007-06-26,0.28375,0.02
2007-06-28,0.275416666666667,0.22
2007-06-29,0.3525,0.44
2007-07-03,0.306666666666667,0.07
2007-07-07,0.344583333333333,0.53
2007-07-09,0.32,0.83
2007-07-10,0.322916666666667,0.28
2007-07-11,0.34,0.69
2007-07-15,0.3,0.05
2007-07-17,0.3,0.22
2007-07-19,0.295,0.01
2007-07-20,0.29,0.16
2007-07-22,0.29625,0.6
2007-07-24,0.3,0.07
2007-07-25,0.295833333333333,0.14
2007-07-26,0.290416666666667,0.06
2007-07-27,0.285833333333333,0.02
2007-07-28,0.292083333333333,0.42
2007-07-29,0.29,0.1
2007-07-30,0.291666666666667,0.53
2007-07-31,0.295416666666667,0.03
2007-08-03,0.278333333333333,0.44
2007-08-05,0.277916666666667,1.54
2007-08-24,0.222083333333333,0.36
2007-08-25,0.257916666666667,0.14
2007-08-26,0.24625,0.06
2007-08-29,0.22,0.05
2007-08-30,0.2325,0.31
2007-08-31,0.25625,1.41
2007-09-11,0.199166666666667,0.05
2007-09-14,0.2625,1.95
2007-10-05,0.19625,0.14
2007-10-17,0.17,0.04
2007-10-18,0.195833333333333,0.19
2007-10-19,0.26125,0.52
2007-10-22,0.257916666666667,0.61
2007-10-23,0.339583333333333,1.65
2007-10-24,0.32625,0.72
2007-10-25,0.30875,0.06
2007-10-29,0.285,0.02
2007-11-06,0.279166666666667,0.09
2007-11-13,0.27125,0.05
2007-11-14,0.28375,0.9
2007-11-16,0.329166666666667,0.02
2007-11-21,0.293333333333333,0.56
2007-11-22,0.358333333333333,0.57
2007-11-25,0.329166666666667,0.2
2007-11-26,0.3675,0.72
2007-12-02,0.301666666666667,0.26
2007-12-03,0.3425,0.09
2007-12-09,0.297083333333333,0.07
2007-12-13,0.295,0.06
2007-12-15,0.32375,0.74
2007-12-16,0.377083333333333,0.07
2007-12-18,0.3325,0.04
2007-12-20,0.322916666666667,0.15
2007-12-21,0.374583333333333,0.77
2007-12-22,0.338333333333333,0.34
2007-12-23,0.391666666666667,0.68
2007-12-26,0.3275,0.07
2007-12-28,0.367916666666667,1.33
2007-12-29,0.362916666666667,0.06
2007-12-30,0.377916666666667,0.99
2007-12-31,0.360833333333333,0.04
2008-01-10,0.347083333333333,2.32
2008-01-11,0.38625,0.56
2008-01-16,0.330833333333333,0.19
2008-01-17,0.349166666666667,1.02
2008-01-19,0.357916666666667,0.1
2008-01-22,0.326666666666667,0.35
2008-01-23,0.360833333333333,0.05
2008-01-29,0.32625,0.98
2008-01-30,0.393333333333333,0.19
2008-01-31,0.355,0.76
2008-02-01,0.412916666666667,1.3
2008-02-03,0.36625,0.24
2008-02-04,0.377916666666667,0.13
2008-02-06,0.385416666666667,1.13
2008-02-11,0.33375,0.03
2008-02-13,0.357083333333333,0.37
2008-02-17,0.350416666666667,1.65
2008-02-19,0.355833333333333,0.02
2008-02-21,0.3375,0.37
2008-02-22,0.370833333333333,0.32
2008-02-26,0.365,0.83
2008-02-29,0.333333333333333,0.19
2008-03-04,0.4025,3.09
2008-03-07,0.385416666666667,1.52
2008-03-08,0.385,0.13
2008-03-14,0.329583333333333,0.07
2008-03-15,0.37125,1.27
2008-03-19,0.369583333333333,1.62
2008-03-20,0.36875,0.06
2008-03-29,0.304583333333333,0.14
2008-04-01,0.313333333333333,0.17
2008-04-02,0.32125,0.03
2008-04-04,0.329583333333333,0.7
2008-04-05,0.370416666666667,0.71
2008-04-11,0.305416666666667,0.22
2008-04-12,0.329166666666667,0.13
2008-04-19,0.35,0.69
2008-04-27,0.28375,0.26
2008-04-28,0.365833333333333,0.5
2008-05-03,0.29875,0.1
2008-05-08,0.282916666666667,0.46
2008-05-09,0.30625,0.32
2008-05-10,0.29375,0.06
2008-05-11,0.345833333333333,1.08
2008-05-15,0.307083333333333,0.8
2008-05-16,0.332916666666667,0.07
2008-05-18,0.310833333333333,0.24
2008-05-19,0.319166666666667,0.12
2008-05-20,0.32375,0.82
2008-05-23,0.298333333333333,0.14
2008-05-28,0.28375,0.31
2008-06-01,0.294166666666667,0.33
2008-06-02,0.29,0.08
2008-06-14,0.23625,0.31
2008-06-16,0.234166666666667,0.24
2008-06-21,0.21,0.18
2008-06-26,0.19,0.04
2008-06-28,0.185833333333333,0.61
2008-06-29,0.215,0.36
2008-06-30,0.203333333333333,0.19
2008-07-06,0.209166666666667,0.4
2008-07-09,0.217083333333333,0.71
2008-07-10,0.204166666666667,0.12
2008-07-13,0.192916666666667,0.17
2008-07-21,0.15,0.55
2008-07-26,0.137916666666667,0.1
2008-07-28,0.130416666666667,0.55
2008-07-29,0.17875,0.28
2008-07-31,0.165833333333333,0.38
2008-08-07,0.120416666666667,0.21
2008-08-14,0.11,0.07
2008-08-16,0.110416666666667,0.41
2008-08-25,0.197916666666667,2.65
2008-08-26,0.3125,5.01
2008-08-27,0.289166666666667,0.18
2008-10-24,0.265,1.49
2008-10-25,0.27625,0.12
2008-10-28,0.24125,0.02
2008-11-08,0.23,0.09
2008-11-11,0.22,0.01
2008-11-13,0.275416666666667,1.18
2008-11-14,0.26,0.35
2009-01-02,0.25,0.05
2009-01-04,0.274583333333333,0.36
2009-01-05,0.274166666666667,0.42
2009-01-06,0.342083333333333,4.33
2009-01-07,0.3125,0.54
2009-01-10,0.27,0.14
2009-01-11,0.275833333333333,0.06
2009-01-18,0.24,0.19
2009-01-28,0.28,0.6
2009-02-02,0.24875,0.12
2009-02-03,0.24625,0.06
2009-02-11,0.256666666666667,0.96
2009-03-14,0.2775,1.28
2009-03-15,0.305416666666667,0.91
2009-03-16,0.270416666666667,0.06
2009-03-25,0.299166666666667,1.23
2009-03-26,0.300833333333333,0.58
2009-03-27,0.301666666666667,1.35
2009-03-28,0.296666666666667,0.88
2009-03-29,0.29375,0.18
2009-04-01,0.27125,0.46
2009-04-02,0.27375,0.52
2009-04-03,0.296666666666667,0.63
2009-04-04,0.264583333333333,0.04
2009-04-10,0.280833333333333,2.13
2009-04-13,0.276666666666667,0.31
2009-04-14,0.285416666666667,0.25
2009-04-19,0.257916666666667,1.83
2009-04-20,0.290833333333333,0.12
2009-05-01,0.24625,0.38
2009-05-02,0.25,0.19
2009-05-03,0.28875,1.48
2009-05-04,0.277083333333333,0.07
2009-05-05,0.274583333333333,0.12
2009-05-06,0.286666666666667,1.28
2009-05-07,0.276666666666667,0.07
2009-05-08,0.2675,0.63
2009-05-09,0.260416666666667,0.06
2009-05-11,0.25,0.06
2009-05-14,0.240416666666667,0.11
2009-05-15,0.257916666666667,1.28
2009-05-16,0.275833333333333,1.34
2009-05-17,0.27,0.18
2009-05-18,0.265,0.05
2009-05-23,0.2375,0.06
2009-05-24,0.253333333333333,0.35
2009-05-25,0.287916666666667,0.53
2009-05-26,0.295,1.98
2009-05-27,0.284583333333333,0.12
2009-05-28,0.269583333333333,0.44
2009-08-10,0.2,0.07
2009-08-11,0.2,0.15
2009-08-12,0.201666666666667,0.22
2009-08-17,0.1975,0.07
2009-08-18,0.2175,0.65
2009-08-19,0.286666666666667,0.72
2009-08-20,0.319583333333333,0.95
2009-08-22,0.2875,0.1
2009-08-27,0.261666666666667,0.43
2009-08-28,0.2975,0.36
2009-08-30,0.281666666666667,0.55
2009-08-31,0.347916666666667,0.55
2009-09-09,0.26375,0.18
2009-09-10,0.274583333333333,0.06
2009-09-15,0.294166666666667,0.71
2009-09-16,0.34125,1.4
2009-09-17,0.342083333333333,0.23
2009-09-18,0.319166666666667,0.23
2009-09-20,0.40375,4.73
2009-09-21,0.447916666666667,5.2
2009-09-22,0.379583333333333,0.06
2009-09-25,0.296666666666667,0.06
2009-09-26,0.347916666666667,1.95
2009-10-04,0.280416666666667,0.12
2009-10-05,0.355833333333333,1.2
2009-10-07,0.334166666666667,0.4
2009-10-09,0.3,0.06
2009-10-12,0.33625,1.17
2009-10-14,0.36,0.58
2009-10-15,0.35125,0.51
2009-10-23,0.348333333333333,2.29
2009-10-27,0.355416666666667,2.02
2009-10-31,0.37625,1.78
2009-11-01,0.350833333333333,0.06
2009-11-10,0.365833333333333,3.08
2009-11-11,0.410833333333333,1.24
2009-11-17,0.317916666666667,1.12
2009-11-18,0.391666666666667,1.46
2009-11-22,0.33625,0.29
2009-11-23,0.353333333333333,0.08
2009-11-30,0.3575,0.44
2009-12-02,0.43125,2.76
2009-12-06,0.35,0.06
2009-12-08,0.357916666666667,1.47
2009-12-09,0.439166666666667,1.34
2009-12-12,0.337083333333333,0.18
2009-12-13,0.41375,0.73
2009-12-15,0.352083333333333,0.06
2009-12-18,0.334583333333333,2.07
2009-12-24,0.322083333333333,0.3
2009-12-25,0.409583333333333,2.57
2009-12-30,0.314166666666667,0.16
2009-12-31,0.317826086956522,0.2
2010-01-16,0.25125,0.52
2010-01-17,0.409166666666667,1.52
2010-01-20,0.342,0.25
2010-01-21,0.397142857142857,0.8
2010-01-22,0.364166666666667,0.06
2010-01-24,0.405833333333333,3.06
2010-01-25,0.402083333333333,0.05
2010-01-26,0.35875,0.06
2010-01-29,0.322916666666667,0.51
2010-01-30,0.32,0.57
2010-02-01,0.314583333333333,0.06
2010-02-02,0.3325,0.77
2010-02-04,0.33375,0.88
2010-02-05,0.344583333333333,2.74
2010-02-09,0.33,0.29
2010-03-11,0.334583333333333,0.44
2010-03-12,0.36,0.8
2010-03-21,0.315833333333333,1.51
2010-03-22,0.373333333333333,0.07
2010-03-28,0.32875,0.98
2010-04-08,0.330833333333333,1.78
2010-04-16,0.289583333333333,0.1
2010-04-20,0.2875,0.22
2010-04-24,0.328333333333333,1.9
2010-04-25,0.360416666666667,0.52
2010-04-26,0.333333333333333,0.06
2010-05-01,0.294166666666667,0.06
2010-05-03,0.35625,2.11
2010-05-10,0.296666666666667,0.27
2010-05-15,0.288333333333333,0.04
2010-05-16,0.2925,0.31
2010-05-17,0.307083333333333,0.13
2010-05-21,0.29375,0.21
2010-05-25,0.281666666666667,0.32
2010-05-28,0.27375,0.06
2010-05-30,0.270416666666667,0.24
2010-05-31,0.43,1.52
2010-06-01,0.4475,0.35
2010-06-02,0.429166666666667,0.62
2010-06-03,0.4275,0.06
2010-06-04,0.42875,0.07
2010-06-08,0.39,0.05
2010-06-09,0.3925,0.1
2010-06-10,0.404583333333333,0.09
2010-06-15,0.361666666666667,0.44
2010-06-16,0.384166666666667,0.06
2010-06-21,0.344166666666667,0.17
2010-06-25,0.364583333333333,1.3
2010-07-08,0.324583333333333,0.12
2010-07-09,0.3175,0.26
2010-07-12,0.360416666666667,0.7
2010-07-13,0.406666666666667,0.35
2010-07-14,0.429166666666667,0.06
2010-07-18,0.371666666666667,0.24
2010-07-19,0.372083333333333,0.13
2010-07-26,0.405416666666667,0.09
2010-07-27,0.44375,0.17
2010-07-30,0.385416666666667,0.06
2010-07-31,0.389166666666667,0.36
2010-08-05,0.36375,0.05
2010-08-06,0.3725,0.32
2010-08-09,0.367916666666667,0.11
2010-08-13,0.34875,0.06
2010-08-15,0.38875,0.59
2010-08-17,0.393333333333333,0.25
2010-08-18,0.4,0.09
2010-08-19,0.39375,0.06
2010-08-21,0.453333333333333,1.82
2010-08-26,0.4175,0.27
2010-09-11,0.315833333333333,1.29
2010-09-12,0.364166666666667,0.06
2010-09-22,0.327083333333333,0.05
2010-09-26,0.435416666666667,1.53
2010-09-27,0.522916666666667,1.47
2010-09-29,0.453333333333333,0.87
2010-09-30,0.485833333333333,0.11
2010-10-12,0.382916666666667,0.49
2010-10-13,0.38625,0.06
2010-10-25,0.467916666666667,1.49
2010-10-26,0.492083333333333,1.13
2010-10-27,0.515833333333333,1.55
2010-11-04,0.439583333333333,0.25
2010-11-15,0.443333333333333,0.45
2010-11-16,0.5075,0.67
2010-11-23,0.43875,0.13
2010-11-25,0.43625,0.06
2010-11-26,0.47625,0.36
2010-11-29,0.475416666666667,1.37
2010-11-30,0.584583333333333,4.24
2010-12-04,0.482916666666667,0.29
2010-12-10,0.4325,0.05
2010-12-12,0.43,0.59
2010-12-16,0.475416666666667,1.52
2010-12-22,0.485416666666667,0.1
2010-12-25,0.456666666666667,0.52
2010-12-26,0.45,0.05
2011-01-01,0.534166666666667,1.55
2011-01-05,0.463333333333333,0.15
2011-01-07,0.454583333333333,0.07
2011-01-08,0.45,0.07
2011-01-10,0.44625,0.87
2011-01-18,0.44,0.26
2011-01-25,0.45,0.26
2011-01-26,0.472916666666667,0.45
2011-02-01,0.537916666666667,1.77
2011-02-03,0.504166666666667,0.07
2011-02-04,0.52375,1.03
2011-02-05,0.531666666666667,0.13
2011-02-10,0.463333333333333,0.07
2011-02-22,0.440416666666667,0.04
2011-02-25,0.470416666666667,0.56
2011-02-28,0.469166666666667,1.22
2011-03-04,0.47375,0.28
2011-03-05,0.5275,1.81
2011-03-06,0.5825,2.16
2011-03-07,0.517083333333333,0.12
2011-03-09,0.545416666666667,2.46
2011-03-10,0.549583333333333,0.29
2011-03-15,0.514583333333333,1.28
2011-03-23,0.441666666666667,0.65
2011-03-26,0.5175,2.83
2011-03-27,0.515416666666667,0.12
2011-03-28,0.513333333333333,0.36
2011-03-30,0.51,0.7
2011-04-04,0.452916666666667,1.1
2011-04-05,0.523333333333333,0.64
2011-04-11,0.442083333333333,0.28
2011-04-12,0.476666666666667,0.34
2011-04-15,0.4675,2.59
2011-04-16,0.555833333333333,1.34
2011-04-20,0.461666666666667,0.5
2011-04-22,0.462083333333333,0.09
2011-04-26,0.446666666666667,0.32
2011-04-27,0.445,2.23
2011-04-28,0.469583333333333,0.89
2011-05-02,0.3825,0.07
2011-05-03,0.38,0.26
2011-06-02,0.335714285714286,0.13
2011-06-06,0.329166666666667,0.1
2011-06-12,0.295416666666667,0.14
2011-06-15,0.319166666666667,1.36
2011-06-18,0.357916666666667,0.77
2011-06-19,0.375,0.06
2011-06-22,0.338333333333333,0.6
2011-06-23,0.405416666666667,1.06
2011-06-24,0.4175,0.52
2011-06-27,0.354166666666667,0.27
2011-07-04,0.308333333333333,0.05
2011-07-05,0.309166666666667,0.94
2011-07-07,0.297083333333333,0.71
2011-07-09,0.2825,0.04
2011-07-15,0.26375,0.16
2011-07-18,0.263333333333333,0.06
2011-07-22,0.252083333333333,0.17
2011-07-24,0.2425,0.49
2011-07-25,0.237083333333333,0.36
2011-07-31,0.2725,0.55
2011-08-07,0.224166666666667,0.14
2011-08-08,0.217083333333333,0.12
2011-08-14,0.208333333333333,0.14
2011-08-18,0.181666666666667,0.52
2011-08-20,0.234166666666667,0.07
2011-09-05,0.249166666666667,4.18
2011-09-06,0.3575,1.12
2011-09-20,0.252916666666667,0.16
2011-09-21,0.31625,0.97
2011-09-22,0.320416666666667,0.46
2011-09-23,0.384166666666667,0.67
2011-09-26,0.352083333333333,0.31
2011-10-10,0.285833333333333,0.05
2011-10-11,0.3075,0.88
2011-10-13,0.355,0.31
2011-10-19,0.387916666666667,0.87
2011-10-20,0.391666666666667,0.17
2011-10-28,0.33375,0.37
2011-12-16,0.349583333333333,0.41
2011-12-20,0.35,0.22
2011-12-21,0.395416666666667,1.1
2011-12-22,0.42125,3.51
2011-12-23,0.4425,0.07
2011-12-27,0.429166666666667,0.49
2012-01-03,0.397916666666667,0.05
2012-01-07,0.341666666666667,0.06
2012-01-08,0.339583333333333,0.19
2012-01-09,0.350833333333333,0.25
2012-01-10,0.360833333333333,0.46
2012-01-11,0.415833333333333,1.09
2012-01-12,0.4075,0.18
2012-01-17,0.375833333333333,1.41
2012-01-20,0.370416666666667,0.41
2012-01-21,0.430416666666667,0.77
2012-01-22,0.3875,0.12
2012-01-23,0.415,0.77
2012-01-26,0.365833333333333,0.59
2012-01-27,0.424583333333333,0.41
2012-01-31,0.379583333333333,0.34
2012-02-01,0.378333333333333,0.53
2012-02-04,0.370833333333333,0.48
2012-02-14,0.34375,0.14
2012-02-15,0.345833333333333,0.14
2012-02-16,0.352916666666667,0.23
2012-02-19,0.366666666666667,0.49
2012-02-22,0.3725,0.31
2012-02-23,0.378333333333333,0.16
2012-02-29,0.329166666666667,0.22
2012-03-01,0.37125,0.44
2012-03-02,0.361666666666667,0.72
2012-03-03,0.414166666666667,0.85
2012-03-08,0.34375,0.41
2012-03-09,0.384583333333333,0.23
2012-03-12,0.340833333333333,0.09
2012-03-13,0.36875,0.25
2012-03-15,0.351666666666667,0.09
2012-03-16,0.3425,0.35
2012-03-18,0.335,0.13
2012-03-22,0.318333333333333,0.06
2012-03-23,0.365416666666667,1.05
2012-03-24,0.3725,0.06
2012-03-30,0.329583333333333,0.27
2012-03-31,0.359583333333333,0.33
2012-04-03,0.339583333333333,0.73
2012-04-05,0.355416666666667,0.89
2012-04-06,0.410416666666667,0.41
2012-04-17,0.330416666666667,0.82
2012-04-18,0.427083333333333,1.75
2012-04-19,0.38625,0.06
2012-04-21,0.37875,0.58
2012-04-22,0.389583333333333,0.06
2012-04-26,0.370416666666667,1.55
2012-04-27,0.395416666666667,0.06
2012-05-04,0.324583333333333,0.12
2012-05-06,0.332083333333333,2.42
2012-05-08,0.37625,0.44
2012-05-09,0.365,0.08
2012-05-13,0.372083333333333,1.69
2012-05-14,0.407916666666667,0.43
2012-05-15,0.367916666666667,0.06
2012-05-18,0.337916666666667,0.17
2012-05-22,0.333333333333333,0.25
2012-05-26,0.32375,0.08
2012-05-31,0.29625,0.67
2012-06-01,0.390416666666667,0.12
2012-06-04,0.370833333333333,0.68
2012-06-05,0.38125,0.47
2012-06-06,0.36625,0.16
2012-06-07,0.3525,0.16
2012-06-10,0.319583333333333,0.3
2012-06-11,0.36875,0.35
2012-06-14,0.3525,0.32
2012-06-21,0.290416666666667,0.31
2012-06-22,0.305833333333333,0.05
2012-06-26,0.289166666666667,0.05
2012-07-01,0.235,0.47
2012-07-02,0.31,0.78
2012-07-03,0.2825,0.44
2012-07-05,0.257916666666667,0.35
2012-07-06,0.25375,0.18
2012-07-09,0.28375,0.08
2012-07-10,0.273333333333333,0.15
2012-07-11,0.29,0.22
2012-07-12,0.309583333333333,0.14
2012-07-13,0.384583333333333,1.26
2012-07-14,0.434583333333333,2.87
2012-07-17,0.389583333333333,0.13
2012-07-18,0.373333333333333,0.01
2012-07-19,0.34875,0.1
2012-07-20,0.34,0.04
2012-07-23,0.31125,0.05
2012-07-24,0.303333333333333,0.05
2012-07-28,0.263333333333333,0.05
2012-07-30,0.259583333333333,0.3
2012-07-31,0.375416666666667,2.13
2012-08-02,0.344583333333333,0.07
2012-08-03,0.347083333333333,0.13
2012-08-07,0.35125,0.21
2012-08-09,0.385,1.28
2012-08-14,0.324166666666667,0.08
2012-08-19,0.29625,0.39
2012-08-28,0.260833333333333,0.08
2012-08-29,0.279166666666667,0.31
2012-09-02,0.298333333333333,1.14
2012-09-03,0.310833333333333,0.3
2012-09-04,0.352083333333333,0.05
2012-09-09,0.33,0.06
2012-09-16,0.279583333333333,0.06
2012-09-17,0.290416666666667,1.54
2012-09-18,0.4525,2.15
2012-09-20,0.372083333333333,0.06
2012-09-29,0.3075,0.17
2012-10-01,0.413333333333333,4.19
2012-10-02,0.470833333333333,1.51
2012-10-07,0.355416666666667,0.06
2012-10-08,0.338333333333333,0.06
2012-10-10,0.365416666666667,0.06
2012-10-11,0.361666666666667,0.06
2012-10-15,0.395416666666667,0.62
2012-10-18,0.355,0.07
2012-10-28,0.348333333333333,0.12
2012-10-31,0.3675,0.06
2012-11-06,0.344166666666667,0.06
2012-11-07,0.336666666666667,0.11
2012-11-12,0.329583333333333,0.45
2012-11-14,0.400416666666667,0.09
2012-11-27,0.340416666666667,0.09
2012-11-28,0.369583333333333,0.06
2012-12-08,0.328333333333333,0.07
2012-12-10,0.366666666666667,0.93
2012-12-16,0.370416666666667,1
2012-12-17,0.428333333333333,0.47
2012-12-20,0.438333333333333,1.53
2012-12-24,0.439583333333333,0.96
2012-12-25,0.42875,0.18
2012-12-26,0.480833333333333,1.97
2012-12-28,0.42375,0.23
2012-12-29,0.43125,0.29
2013-01-01,0.4212,0.64
2013-01-02,0.44875,0.12
2013-01-11,0.407083333333333,1.05
2013-01-12,0.4225,0.23
2013-01-13,0.394583333333333,0.47
2013-01-14,0.464166666666667,1.81
2013-01-15,0.478333333333333,2.57
2013-01-16,0.465,0.87
2013-01-17,0.474166666666667,2.8
2013-01-25,0.3824,0.33
2013-01-30,0.548260869565217,5.48
2013-01-31,0.512083333333333,0.06
2013-02-02,0.434166666666667,0.2
2013-02-07,0.390416666666667,0.14
2013-02-10,0.435833333333333,1.41
2013-02-11,0.47125,0.47
2013-02-12,0.44,0.12
2013-02-13,0.420833333333333,0.12
2013-02-19,0.398333333333333,0.36
2013-02-21,0.384166666666667,0.52
2013-02-22,0.472916666666667,0.75
2013-02-23,0.465416666666667,0.37
2013-02-26,0.49125,2.2
2013-03-05,0.41375,0.94
2013-03-06,0.470416666666667,0.12
2013-03-11,0.415416666666667,1.53
2013-03-12,0.466666666666667,0.05
2013-03-18,0.38375,0.85
2013-03-23,0.3825,0.06
2013-03-24,0.44375,1.37
2013-03-26,0.434583333333333,0.07
2013-03-30,0.395416666666667,0.13
2013-03-31,0.438333333333333,0.78
2013-04-04,0.417083333333333,0.65
2013-04-11,0.373333333333333,1.89
2013-04-12,0.473333333333333,0.73
2013-04-14,0.39875,0.07
2013-04-15,0.39875,0.13
2013-04-17,0.423333333333333,0.84
2013-04-18,0.418333333333333,0.07
2013-04-19,0.444583333333333,1.49
2013-04-24,0.370833333333333,0.06
2013-04-27,0.355416666666667,0.37
2013-04-28,0.444166666666667,2.36
2013-04-29,0.422222222222222,0.06
